QUBR ID,Region,Site,Stake added?,Leaves taken?,Name of recorder,Date,Notes/comments,Transcriber Initials,Transcriber notes/comments,Double checked?
QUBR_2022_0001,N,N/A,Y,Y,AMH,04/04/2024,CIB,DTB,,Y
QUBR_2022_0002,N,N/A,Y,Y,AMH,04/04/2024,CIB,DTB,,Y
QUBR_2022_0003,N,N/A,Y,Y,AMH,04/04/2024,CIB,DTB,,Y
QUBR_2022_0004,N,N/A,Y,Y,AMH,04/04/2024,CIB,DTB,,Y
QUBR_2022_0005,N,N/A,Y,Y,AMH,04/04/2024,,DTB,,Y
QUBR_2022_0006,N,N/A,Y,Y,AMH,04/04/2024,,DTB,,Y
QUBR_2022_0007,N,N/A,Y,Y,AMH,04/04/2024,CIB; 1 leaf taken; big leaves,DTB,,Y
QUBR_2022_0008,N,N/A,Y,Y,AMH,04/04/2024,,DTB,,Y
QUBR_2022_0009,N,N/A,Y,Y,AMH,04/04/2024,CIB; 2 leaves taken; small leaves,DTB,,Y
QUBR_2022_0010,E,N/A,Y,Y,AMH,04/04/2024,,DTB,,Y
QUBR_2022_0011,E,N/A,Y,Y,AMH,04/04/2024,,DTB,,Y
QUBR_2022_0012,N,N/A,Y,Y,AMH,04/04/2024,,DTB,,Y
QUBR_2022_0013,N,N/A,Y,Y,AMH,04/04/2024,,DTB,,Y
QUBR_2022_0014,E,N/A,Y,Y,AMH,04/04/2024,,DTB,,Y
QUBR_2022_0015,E,N/A,Y,Y,AMH,04/04/2024,1 leaf taken; very few leaves,DTB,,Y
QUBR_2022_0016,N,N/A,Y,Y,AMH,04/04/2024,,DTB,,Y
QUBR_2022_0017,N,N/A,Y,Y,AMH,04/04/2024,small leaves,DTB,,Y
QUBR_2022_0018,N,N/A,Y,Y,AMH,04/04/2024,,DTB,,Y
QUBR_2022_0019,N,N/A,Y,Y,AMH,04/04/2024,CIB,DTB,,Y
QUBR_2022_0020,N,N/A,Y,Y,AMH,04/04/2024,,DTB,,Y
QUBR_2022_0021,N,N/A,Y,Y,AMH,04/04/2024,,DTB,,Y
QUBR_2022_0022,N,N/A,Y,Y,AMH,04/04/2024,small leaves,DTB,,Y
QUBR_2022_0023,N,N/A,Y,Y,AMH,04/04/2024,,DTB,,Y
QUBR_2022_0024,N,N/A,Y,Y,AMH,04/04/2024,,DTB,,Y
QUBR_2022_0025,N,N/A,Y,Y,AMH,04/04/2024,,DTB,,Y
QUBR_2022_0026,N,N/A,Y,Y,AMH,04/04/2024,,DTB,,Y
QUBR_2022_0027,N,N/A,Y,Y,AMH,04/04/2024,big leaves,DTB,,Y
QUBR_2022_0028,N,N/A,Y,Y,AMH,04/04/2024,,DTB,,Y
QUBR_2022_0029,N,N/A,Y,Y,AMH,04/04/2024,,DTB,,Y
QUBR_2022_0030,N,N/A,Y,Y,AMH,04/04/2024,,DTB,,Y
QUBR_2022_0031,N,N/A,Y,Y,AMH,04/04/2024,big leaves,DTB,,Y
QUBR_2022_0032,N,N/A,Y,Y,AMH,04/04/2024,,DTB,,Y
QUBR_2022_0033,N,N/A,Y,Y,AMH,04/04/2024,,DTB,,Y
QUBR_2022_0034,N,N/A,Y,Y,AMH,04/04/2024,big leaves,DTB,,Y
QUBR_2022_0035,N,N/A,Y,Y,AMH,04/04/2024,,DTB,,Y
QUBR_2022_0036,N,N/A,Y,Y,AMH,04/04/2024,,DTB,,Y
QUBR_2022_0037,N,N/A,Y,Y,AMH,04/04/2024,,DTB,,Y
QUBR_2022_0038,N,N/A,Y,Y,AMH,04/04/2024,,DTB,,Y
QUBR_2022_0039,E,SD,Y,Y,AMH,04/04/2024,3 leaves taken,DTB,,Y
QUBR_2022_0040,N,N/A,Y,Y,AMH,04/04/2024,big leaves,DTB,,Y
QUBR_2022_0041,N,N/A,Y,Y,AMH,04/04/2024,,DTB,,Y
QUBR_2022_0042,N,N/A,Y,Y,AMH,04/04/2024,,DTB,,Y
QUBR_2022_0043,N,N/A,Y,Y,AMH,04/04/2024,,DTB,,Y
QUBR_2022_0044,N,N/A,Y,Y,AMH,04/04/2024,3 leaves taken,DTB,,Y
QUBR_2022_0045,N,N/A,Y,Y,AMH,04/04/2024,3 leaves taken,DTB,,Y
QUBR_2022_0046,N,N/A,Y,Y,AMH,04/04/2024,3 leaves taken; big leaves,DTB,,Y
QUBR_2022_0047,N,N/A,Y,Y,AMH,04/04/2024,3 leaves taken,DTB,,Y
QUBR_2022_0048,N,N/A,Y,Y,AMH,04/04/2024,,DTB,,Y
QUBR_2022_0049,N,N/A,Y,Y,AMH,04/04/2024,3 leaves taken,DTB,,Y
QUBR_2022_0050,N,N/A,Y,Y,AMH,04/04/2024,big leaves,DTB,,Y
QUBR_2022_0051,N,N/A,Y,Y,AMH,04/04/2024,big leaves,DTB,,Y
QUBR_2022_0052,N,N/A,Y,Y,AMH,04/04/2024,,DTB,,Y
QUBR_2022_0053,N,N/A,Y,Y,AMH,04/04/2024,,DTB,,Y
QUBR_2022_0054,N,N/A,Y,Y,AMH,04/04/2024,3 leaves taken,DTB,,Y
QUBR_2022_0055,N,N/A,Y,Y,AMH,04/04/2024,3 leaves taken; small leaves,DTB,,Y
QUBR_2022_0056,N,N/A,Y,Y,AMH,04/04/2024,,DTB,,Y
QUBR_2022_0057,N,N/A,Y,Y,AMH,04/04/2024,,DTB,Stray mark on paper- probably an accident?,Y
QUBR_2022_0058,N,N/A,Y,Y,AMH,04/04/2024,,DTB,,Y
QUBR_2022_0059,N,N/A,Y,Y,AMH,04/04/2024,,DTB,,Y
QUBR_2022_0060,N,N/A,Y,Y,AMH,04/04/2024,3 leaves taken,DTB,,Y
QUBR_2022_0061,N,N/A,Y,Y,AMH,04/04/2024,3 leaves taken; big leaves,DTB,,Y
QUBR_2022_0062,N,N/A,Y,Y,AMH,04/04/2024,4 leaves taken; small leaves,DTB,,Y
QUBR_2022_0063,N,N/A,Y,Y,AMH,04/04/2024,2 leaves taken; 1 big leaf; 1 midsize leaf,DTB,,Y
QUBR_2022_0064,N,N/A,Y,Y,AMH,04/04/2024,2 dead stems,DTB,,Y
QUBR_2022_0065,N,N/A,Y,Y,AMH,04/04/2024,,DTB,,Y
QUBR_2022_0066,N,N/A,Y,Y,AMH,04/04/2024,3 leaves taken,DTB,,Y
QUBR_2022_0067,N,N/A,Y,Y,AMH,04/04/2024,3 leaves taken,DTB,,Y
QUBR_2022_0068,N,N/A,Y,Y,AMH,04/04/2024,,DTB,,Y
QUBR_2022_0069,N,N/A,Y,Y,AMH,04/04/2024,,DTB,,Y
QUBR_2022_0070,N,N/A,Y,Y,AMH,04/04/2024,,DTB,,Y
QUBR_2022_0071,N,LM,Y,Y,AMH,04/04/2024,,DTB,,Y
QUBR_2022_0072,N,N/A,Y,Y,AMH,04/04/2024,3 leaves taken,DTB,,Y
QUBR_2022_0073,N,N/A,Y,Y,AMH,04/04/2024,,DTB,,Y
QUBR_2022_0074,N,N/A,Y,Y,AMH,04/04/2024,3 leaves taken,DTB,,Y
QUBR_2022_0075,N,N/A,Y,Y,AMH,04/04/2024,3 leaves taken,DTB,,Y
QUBR_2022_0076,N,N/A,Y,Y,AMH,04/04/2024,3 leaves taken,DTB,,Y
QUBR_2022_0077,N,N/A,Y,Y,AMH,04/04/2024,3 leaves taken,DTB,,Y
QUBR_2022_0078,N,N/A,Y,Y,AMH,04/04/2024,,DTB,,Y
QUBR_2022_0079,N,N/A,Y,Y,AMH,04/04/2024,,DTB,,Y
QUBR_2022_0080,N,N/A,Y,Y,AMH,04/04/2024,3 leaves taken,DTB,,Y
QUBR_2022_0081,N,N/A,Y,Y,AMH,04/04/2024,3 leaves taken,DTB,,Y
QUBR_2022_0082,N,N/A,Y,Y,AMH,04/04/2024,2 leaves taken; small leaves,DTB,,Y
QUBR_2022_0083,N,N/A,Y,Y,AMH,04/04/2024,1 leaf taken; small leaves,DTB,,Y
QUBR_2022_0084,N,N/A,Y,Y,AMH,04/04/2024,3 leaves taken; small leaves,DTB,,Y
QUBR_2022_0085,N,N/A,Y,Y,AMH,04/04/2024,,DTB,,Y
QUBR_2022_0086,N,N/A,Y,Y,AMH,04/04/2024,3 leaves taken,DTB,,Y
QUBR_2022_0087,N,N/A,Y,Y,AMH,04/04/2024,3 leaves taken,DTB,,Y
QUBR_2022_0088,N,N/A,Y,Y,AMH,04/04/2024,,DTB,,Y
QUBR_2022_0089,N,N/A,Y,Y,AMH,04/04/2024,,DTB,,Y
QUBR_2022_0090,E,N/A,Y,Y,AMH,04/04/2024,3 leaves taken,DTB,,Y
QUBR_2022_0091,N,N/A,Y,Y,AMH,04/04/2024,3 leaves taken,DTB,,Y
QUBR_2022_0092,N,N/A,Y,Y,AMH,04/04/2024,,DTB,,Y
QUBR_2022_0093,N,N/A,Y,Y,AMH,04/04/2024,,DTB,,Y
QUBR_2022_0094,N,N/A,Y,Y,AMH,04/04/2024,,DTB,,Y
QUBR_2022_0095,N,N/A,Y,Y,AMH,04/04/2024,,DTB,,Y
QUBR_2022_0096,N,N/A,Y,Y,AMH,04/04/2024,,DTB,,Y
QUBR_2022_0097,N,N/A,Y,Y,AMH,04/04/2024,3 leaves taken; big leaves,DTB,,Y
QUBR_2022_0098,N,N/A,Y,Y,AMH,04/04/2024,3 leaves taken; small leaves,DTB,,Y
QUBR_2022_0099,N,N/A,Y,Y,AMH,04/04/2024,,DTB,,Y
QUBR_2022_0100,N,N/A,Y,Y,AMH,04/04/2024,3 leaves taken,DTB,,Y
QUBR_2022_0101,N,N/A,Y,Y,AMH,04/04/2024,3 leaves taken,DTB,,Y
QUBR_2022_0102,N,N/A,Y,Y,AMH,04/04/2024,,DTB,,Y
QUBR_2022_0103,N,N/A,Y,Y,AMH,04/04/2024,3 leaves taken,DTB,,Y
QUBR_2022_0104,N,N/A,Y,Y,AMH,04/04/2024,3 leaves taken,DTB,,Y
QUBR_2022_0105,E,N/A,Y,Y,AMH,04/04/2024,2 leaves taken; 1 big leaf,DTB,,Y
QUBR_2022_0106,N,N/A,Y,Y,AMH,04/04/2024,,DTB,,Y
QUBR_2022_0107,N,N/A,Y,Y,AMH,04/04/2024,,DTB,,Y
QUBR_2022_0108,W,LB,Y,Y,AMH,04/04/2024,,DTB,,Y
QUBR_2022_0109,N,N/A,Y,Y,AMH,04/04/2024,1 leaf taken,DTB,,Y
QUBR_2022_0110,N,N/A,Y,Y,AMH,04/04/2024,4 leaves taken,DTB,,Y
QUBR_2022_0111,N,N/A,Y,Y,AMH,04/04/2024,,DTB,,Y
QUBR_2022_0112,N,N/A,Y,Y,AMH,04/04/2024,,DTB,,Y
QUBR_2022_0113,N,N/A,Y,Y,AMH,04/04/2024,3 leaves taken,DTB,,Y
QUBR_2022_0114,N,N/A,Y,Y,AMH,04/04/2024,,DTB,,Y
QUBR_2022_0115,N,N/A,Y,Y,AMH,04/04/2024,3 leaves taken,DTB,,Y
QUBR_2022_0116,N,N/A,Y,Y,AMH,04/04/2024,,DTB,,Y
QUBR_2022_0117,N,N/A,Y,Y,AMH,04/04/2024,3 leaves taken,DTB,,Y
QUBR_2022_0118,N,N/A,Y,Y,AMH,04/04/2024,,DTB,,Y
QUBR_2022_0119,N,N/A,Y,Y,AMH,04/04/2024,3 leaves taken; small leaves,DTB,,Y
QUBR_2022_0120,N,N/A,Y,Y,AMH,04/04/2024,,DTB,,Y
QUBR_2022_0121,N,N/A,Y,Y,AMH,04/04/2024,3 leaves taken,DTB,,Y
QUBR_2022_0122,N,N/A,Y,Y,AMH,04/04/2024,,DTB,,Y
QUBR_2022_0123,N,N/A,N,N,AMH,04/04/2024,not sampled,DTB,stake added' was left blank- I assume this means it was not added,Y
QUBR_2022_0124,N,N/A,Y,Y,AMH,04/04/2024,,DTB,,Y
QUBR_2022_0125,N,N/A,Y,Y,AMH,04/04/2024,3 leaves taken,DTB,,Y
QUBR_2022_0126,N,N/A,Y,Y,AMH,04/04/2024,1.5 leaves taken,DTB,,Y
QUBR_2022_0127,N,N/A,Y,Y,AMH,04/04/2024,3 leaves taken,DTB,,Y
QUBR_2022_0128,N,N/A,Y,Y,AMH,04/04/2024,3 leaves taken,DTB,,Y
QUBR_2022_0129,N,N/A,Y,Y,AMH,04/04/2024,,DTB,,Y
QUBR_2022_0130,N,N/A,Y,Y,AMH,04/04/2024,3 leaves taken,DTB,,Y
QUBR_2022_0131,N,N/A,Y,Y,AMH,04/04/2024,,DTB,,Y
QUBR_2022_0132,N,N/A,Y,Y,AMH,04/04/2024,4 leaves taken; small leaves,DTB,,Y
QUBR_2022_0133,N,N/A,Y,Y,AMH,04/04/2024,7 leaves taken; small leaves,DTB,,Y
QUBR_2022_0134,N,N/A,Y,Y,AMH,04/04/2024,,DTB,,Y
QUBR_2022_0135,N,N/A,Y,Y,AMH,04/04/2024,3 leaves taken,DTB,,Y
QUBR_2022_0136,?,N/A,Y,Y,AMH,04/04/2024,3 leaves taken; small leaves; flag in soil,DTB,region' listed as ?,Y
QUBR_2022_0137,,N/A,Y,Y,AMH,04/04/2024,3 leaves taken; flag in soil,DTB,region' left blank,Y
QUBR_2022_0138,N,N/A,Y,Y,AMH,04/04/2024,,DTB,,Y
QUBR_2022_0139,N,N/A,Y,Y,AMH,04/04/2024,3 leaves taken; small leaves,DTB,,Y
QUBR_2022_0140,N,N/A,Y,Y,AMH,04/04/2024,2 leaves taken; big leaves,DTB,,Y
QUBR_2022_0141,N,N/A,Y,Y,AMH,04/04/2024,3 leaves taken,DTB,,Y
QUBR_2022_0142,N,N/A,Y,Y,AMH,04/04/2024,2 leaves taken; 1 big leaf,DTB,,Y
QUBR_2022_0143,N,N/A,Y,Y,AMH,04/04/2024,3 leaves taken,DTB,,Y
QUBR_2022_0144,N,N/A,Y,Y,AMH,04/04/2024,,DTB,,Y
QUBR_2022_0145,N,N/A,Y,Y,AMH,04/04/2024,CIB,DTB,,Y
QUBR_2022_0146,N,N/A,Y,Y,AMH,04/04/2024,,DTB,,Y
QUBR_2022_0147,N,N/A,Y,Y,AMH,04/04/2024,3 leaves taken,DTB,,Y
QUBR_2022_0148,N,N/A,Y,Y,AMH,04/04/2024,3 leaves taken,DTB,,Y
QUBR_2022_0149,N,N/A,Y,Y,AMH,04/04/2024,3 leaves taken,DTB,,Y
QUBR_2022_0150,N,N/A,Y,Y,AMH,04/04/2024,3 leaves taken; small leaves,DTB,,Y
QUBR_2022_0151,N,N/A,Y,Y,AMH,04/04/2024,,DTB,,Y
QUBR_2022_0152,N,N/A,Y,Y,AMH,04/04/2024,1.5 leaves taken; 0.5 leaves big,DTB,,Y
QUBR_2022_0153,N,N/A,Y,Y,AMH,04/04/2024,a little necrosis,DTB,,Y
QUBR_2022_0154,N,N/A,Y,Y,AMH,04/04/2024,3 leaves taken,DTB,,Y
QUBR_2022_0155,N,N/A,Y,Y,AMH,04/04/2024,,DTB,,Y
QUBR_2022_0156,N,N/A,Y,Y,AMH,04/04/2024,,DTB,,Y
QUBR_2022_0157,N,N/A,Y,Y,AMH,04/04/2024,,DTB,,Y
QUBR_2022_0158,N,N/A,Y,Y,AMH,04/04/2024,,DTB,,Y
QUBR_2022_0159,N,N/A,Y,Y,AMH,04/04/2024,4 leaves taken,DTB,,Y
QUBR_2022_0160,N,N/A,Y,Y,AMH,04/04/2024,2 leaves taken; 1 big leaf,DTB,,Y
QUBR_2022_0161,N,N/A,Y,Y,AMH,04/04/2024,2 leaves taken; big leaves,DTB,,Y
QUBR_2022_0162,N,N/A,Y,Y,AMH,04/04/2024,,DTB,,Y
QUBR_2022_0163,N,N/A,Y,Y,AMH,04/04/2024,CIB; 2 leaves taken; small leaves,DTB,,Y
QUBR_2022_0164,N,N/A,Y,Y,AMH,04/04/2024,3 leaves taken,DTB,,Y
QUBR_2022_0165,N,N/A,Y,Y,AMH,04/04/2024,1 leaf taken; big leaves,DTB,,Y
QUBR_2022_0166,N,N/A,Y,Y,AMH,04/04/2024,,DTB,,Y
QUBR_2022_0167,N,N/A,Y,Y,AMH,04/04/2024,,DTB,,Y
QUBR_2022_0168,W,LB,Y,Y,AMH,04/04/2024,,DTB,,Y
QUBR_2022_0169,N,N/A,Y,Y,AMH,04/04/2024,4 leaves taken,DTB,,Y
QUBR_2022_0170,N,N/A,Y,Y,AMH,04/04/2024,3 leaves taken; small leaves,DTB,,Y
QUBR_2022_0171,N,N/A,Y,Y,AMH,04/04/2024,big leaves,DTB,,Y
QUBR_2022_0172,N,N/A,Y,Y,AMH,04/04/2024,3 leaves taken,DTB,,Y
QUBR_2022_0173,N,N/A,Y,Y,AMH,04/04/2024,,DTB,,Y
QUBR_2022_0174,N,N/A,Y,Y,AMH,04/04/2024,,DTB,,Y
QUBR_2022_0175,N,N/A,Y,Y,AMH,04/04/2024,3 leaves taken,DTB,,Y
QUBR_2022_0176,N,N/A,Y,Y,AMH,04/04/2024,3 leaves taken,DTB,,Y
QUBR_2022_0177,N,N/A,Y,Y,AMH,04/04/2024,5 leaves taken; small leaves,DTB,,Y
QUBR_2022_0178,N,N/A,Y,Y,AMH,04/04/2024,3 leaves taken,DTB,,Y
QUBR_2022_0179,N,N/A,Y,Y,AMH,04/04/2024,3 leaves taken,DTB,,Y
QUBR_2022_0180,N,N/A,Y,Y,AMH,04/04/2024,5 leaves taken; small leaves,DTB,,Y
QUBR_2022_0181,N,N/A,Y,Y,AMH,04/04/2024,CIB; 3 leaves taken,DTB,,Y
QUBR_2022_0182,N,N/A,Y,Y,AMH,04/04/2024,4 leaves taken,DTB,,Y
QUBR_2022_0183,N,N/A,Y,Y,AMH,04/04/2024,3 leaves taken,DTB,,Y
QUBR_2022_0184,N,N/A,Y,Y,AMH,04/04/2024,3 leaves taken,DTB,,Y
QUBR_2022_0185,N,N/A,Y,Y,AMH,04/04/2024,,DTB,,Y
QUBR_2022_0186,N,N/A,Y,Y,AMH,04/04/2024,2 leaves taken; big leaves,DTB,,Y
QUBR_2022_0187,N,N/A,Y,Y,AMH,04/04/2024,,DTB,,Y
QUBR_2022_0188,N,N/A,Y,Y,AMH,04/04/2024,4 leaves taken; small leaves,DTB,,Y
QUBR_2022_0189,N,N/A,Y,Y,AMH,04/04/2024,3 leaves taken; small leaves,DTB,,Y
QUBR_2022_0190,N,N/A,Y,Y,AMH,04/04/2024,3 leaves taken,DTB,,Y
QUBR_2022_0191,N,N/A,Y,Y,AMH,04/04/2024,5 leaves taken; small leaves,DTB,,Y
QUBR_2022_0192,N,N/A,Y,Y,AMH,04/04/2024,3 leaves taken,DTB,,Y
QUBR_2022_0193,E,EC,Y,Y,AMH,04/04/2024,3 leaves taken,DTB,,Y
QUBR_2022_0194,N,N/A,Y,Y,AMH,04/04/2024,3 leaves taken,DTB,,Y
QUBR_2022_0195,E,EC,Y,Y,AMH,04/04/2024,,DTB,,Y
QUBR_2022_0196,N,N/A,Y,Y,AMH,04/04/2024,3 leaves taken,DTB,,Y
QUBR_2022_0197,N,N/A,Y,Y,AMH,04/04/2024,3 leaves taken,DTB,,Y
QUBR_2022_0198,N,N/A,Y,Y,AMH,04/04/2024,,DTB,,Y
QUBR_2022_0199,N,N/A,Y,Y,AMH,04/04/2024,CIB; 3 leaves taken,DTB,,Y
QUBR_2022_0200,N,N/A,Y,Y,AMH,04/04/2024,3 leaves taken; big leaves,DTB,,Y
QUBR_2022_0201,N,N/A,Y,Y,AMH,04/04/2024,,DTB,,Y
QUBR_2022_0202,N,N/A,Y,Y,AMH,04/04/2024,3 leaves taken; small leaves,DTB,,Y
QUBR_2022_0203,N,N/A,Y,Y,AMH,04/04/2024,3 leaves taken; small leaves,DTB,,Y
QUBR_2022_0204,N,N/A,Y,Y,AMH,04/04/2024,3 leaves taken,DTB,,Y
QUBR_2022_0205,N,N/A,Y,Y,AMH,04/04/2024,2 leaves taken; small leaves,DTB,,Y
QUBR_2022_0206,N,N/A,Y,Y,AMH,04/04/2024,3 leaves taken,DTB,,Y
QUBR_2022_0207,N,N/A,Y,Y,AMH,04/04/2024,3 leaves taken,DTB,,Y
QUBR_2022_0208,N,N/A,Y,Y,AMH,04/04/2024,,DTB,,Y
QUBR_2022_0209,N,N/A,Y,Y,AMH,04/04/2024,3 leaves taken,DTB,,Y
QUBR_2022_0210,N,N/A,Y,Y,AMH,04/04/2024,3 leaves taken,DTB,,Y
QUBR_2022_0211,N,N/A,Y,Y,AMH,04/04/2024,,DTB,,Y
QUBR_2022_0212,N,N/A,Y,Y,AMH,04/04/2024,3 leaves taken,DTB,,Y
QUBR_2022_0213,N,N/A,Y,Y,AMH,04/04/2024,4 leaves taken; small leaves,DTB,,Y
QUBR_2022_0214,N,N/A,Y,Y,AMH,04/04/2024,3 leaves taken,DTB,,Y
QUBR_2022_0215,N,N/A,Y,Y,AMH,04/04/2024,3 leaves taken,DTB,,Y
QUBR_2022_0216,N,N/A,Y,Y,AMH,04/04/2024,3 leaves taken,DTB,,Y
QUBR_2022_0217,N,N/A,Y,Y,AMH,04/04/2024,3 leaves taken,DTB,,Y
QUBR_2022_0218,N,N/A,Y,Y,AMH,04/04/2024,3 leaves taken,DTB,,Y
QUBR_2022_0219,N,N/A,Y,Y,AMH,04/04/2024,,DTB,,Y
QUBR_2022_0220,N,N/A,Y,Y,AMH,04/04/2024,3 leaves taken,DTB,,Y
QUBR_2022_0221,N,N/A,Y,Y,AMH,04/04/2024,,DTB,,Y
QUBR_2022_0222,E,EC,Y,Y,AMH,04/04/2024,,DTB,,Y
QUBR_2022_0223,N,N/A,Y,Y,AMH,04/04/2024,3 leaves taken; small leaves,DTB,,Y
QUBR_2022_0224,N,N/A,Y,Y,AMH,04/04/2024,,DTB,,Y
QUBR_2022_0225,N,N/A,Y,Y,AMH,04/04/2024,,DTB,,Y
QUBR_2022_0226,E,N/A,Y,Y,AMH,04/04/2024,,DTB,,Y
QUBR_2022_0227,N,N/A,Y,Y,AMH,04/04/2024,,DTB,,Y
QUBR_2022_0228,N,N/A,Y,Y,AMH,04/04/2024,,DTB,,Y
QUBR_2022_0229,N,N/A,Y,Y,AMH,04/04/2024,1 leaf taken; big leaves,DTB,,Y
QUBR_2022_0230,N,N/A,Y,Y,AMH,04/04/2024,,DTB,,Y
QUBR_2022_0231,N,N/A,Y,Y,AMH,04/04/2024,3 leaves taken,DTB,,Y
QUBR_2022_0232,N,N/A,Y,Y,AMH,04/04/2024,,DTB,,Y
QUBR_2022_0233,N,N/A,Y,Y,AMH,04/04/2024,1 leaf taken; big leaves,DTB,,Y
QUBR_2022_0234,N,N/A,Y,Y,AMH,04/04/2024,,DTB,,Y
QUBR_2022_0235,N,N/A,Y,Y,AMH,04/04/2024,,DTB,,Y
QUBR_2022_0236,E,N/A,Y,Y,AMH,04/04/2024,,DTB,,Y
QUBR_2022_0237,N,N/A,Y,N,AMH,04/04/2024,no leaves taken,DTB,,Y
QUBR_2022_0238,N,N/A,Y,Y,AMH,04/04/2024,1 leaf taken,DTB,,Y
QUBR_2022_0239,N,N/A,Y,Y,AMH,04/04/2024,,DTB,,Y
QUBR_2022_0240,N,N/A,Y,Y,AMH,04/04/2024,3 leaves taken,DTB,,Y
QUBR_2022_0241,N,N/A,Y,Y,AMH,04/04/2024,,DTB,,Y
QUBR_2022_0242,N,N/A,Y,Y,AMH,04/04/2024,,DTB,,Y
QUBR_2022_0243,N,N/A,Y,Y,AMH,04/04/2024,,DTB,,Y
QUBR_2022_0244,N,N/A,Y,Y,AMH,04/04/2024,4 leaves taken; small leaves,DTB,,Y
QUBR_2022_0245,N,N/A,Y,Y,AMH,04/04/2024,3 leaves taken,DTB,,Y
QUBR_2022_0246,N,N/A,Y,Y,AMH,04/04/2024,3 leaves taken,DTB,,Y
QUBR_2022_0247,N,N/A,Y,Y,AMH,04/04/2024,3 leaves taken,DTB,,Y
QUBR_2022_0248,N,N/A,Y,Y,AMH,04/04/2024,3 leaves taken,DTB,,Y
QUBR_2022_0249,N,N/A,Y,Y,AMH,04/04/2024,3 leaves taken,DTB,,Y
QUBR_2022_0250,N,N/A,Y,Y,AMH,04/04/2024,3 leaves taken,DTB,,Y
QUBR_2022_0251,N,N/A,Y,Y,AMH,04/04/2024,,DTB,,Y
QUBR_2022_0252,N,N/A,Y,Y,AMH,04/04/2024,,DTB,,Y
QUBR_2022_0253,N,N/A,Y,Y,AK,04/04/2024,,DTB,,Y
QUBR_2022_0254,N,N/A,Y,Y,AK,04/04/2024,3 leaves taken,DTB,,Y
QUBR_2022_0255,N,N/A,Y,Y,AK,04/04/2024,3 leaves taken,DTB,,Y
QUBR_2022_0256,N,N/A,Y,Y,AK,04/04/2024,3 leaves taken,DTB,,Y
QUBR_2022_0257,N,N/A,Y,Y,AK,04/04/2024,,DTB,,Y
QUBR_2022_0258,N,N/A,Y,Y,AK,04/04/2024,3 leaves taken,DTB,,Y
QUBR_2022_0259,N,N/A,Y,Y,AK,04/04/2024,,DTB,,Y
QUBR_2022_0260,N,N/A,Y,Y,AK,04/04/2024,,DTB,,Y
QUBR_2022_0261,N,N/A,Y,Y,AK,04/04/2024,,DTB,,Y
QUBR_2022_0262,N,N/A,Y,Y,AK,04/04/2024,,DTB,,Y
QUBR_2022_0263,N,N/A,Y,Y,AK,04/04/2024,3 leaves taken,DTB,,Y
QUBR_2022_0264,N,N/A,Y,Y,AK,04/04/2024,3 leaves taken,DTB,,Y
QUBR_2022_0265,N,N/A,Y,Y,AK,04/04/2024,,DTB,,Y
QUBR_2022_0266,N,N/A,Y,Y,AK,04/04/2024,3 leaves taken,DTB,,Y
QUBR_2022_0267,E,N/A,Y,Y,AK,04/04/2024,,DTB,,Y
QUBR_2022_0268,N,N/A,Y,Y,AK,04/04/2024,3 leaves taken,DTB,,Y
QUBR_2022_0269,N,N/A,Y,Y,AK,04/04/2024,3 leaves taken,DTB,,Y
QUBR_2022_0270,N,N/A,Y,Y,AK,04/04/2024,3 leaves taken,DTB,,Y
QUBR_2022_0271,N,N/A,Y,Y,AK,04/04/2024,,DTB,,Y
QUBR_2022_0272,N,N/A,Y,Y,AK,04/04/2024,,DTB,,Y
QUBR_2022_0273,N,N/A,Y,Y,AK,04/04/2024,,DTB,,Y
QUBR_2022_0274,E,SD,Y,Y,AK,04/04/2024,,DTB,,Y
QUBR_2022_0275,N,N/A,Y,Y,AK,04/04/2024,3 leaves taken,DTB,,Y
QUBR_2022_0276,N,N/A,Y,Y,AK,04/04/2024,,DTB,,Y
QUBR_2022_0277,E,SD,Y,Y,AK,04/04/2024,3 leaves taken,DTB,,Y
QUBR_2022_0278,N,N/A,Y,Y,AK,04/04/2024,3 leaves taken,DTB,,Y
QUBR_2022_0279,N,N/A,Y,Y,AK,04/04/2024,,DTB,,Y
QUBR_2022_0280,N,N/A,Y,Y,AK,04/04/2024,1 leaf taken; big leaves,DTB,,Y
QUBR_2022_0281,E,EC,Y,Y,AK,04/04/2024,,DTB,,Y
QUBR_2022_0282,N,N/A,Y,Y,AK,04/04/2024,,DTB,,Y
QUBR_2022_0283,N,N/A,Y,Y,AK,04/04/2024,3 leaves taken,DTB,,Y
QUBR_2022_0284,N,N/A,Y,Y,AK,04/04/2024,,DTB,,Y
QUBR_2022_0285,N,N/A,Y,Y,AK,04/04/2024,,DTB,,Y
QUBR_2022_0286,N,N/A,Y,Y,AK,04/04/2024,3 leaves taken,DTB,,Y
QUBR_2022_0287,N,N/A,Y,Y,AK,04/04/2024,3 leaves taken,DTB,,Y
QUBR_2022_0288,W,SDo,Y,Y,AK,04/04/2024,,DTB,,Y
QUBR_2022_0289,N,N/A,Y,Y,AK,04/04/2024,,DTB,,Y
QUBR_2022_0290,N,N/A,Y,Y,AK,04/04/2024,,DTB,,Y
QUBR_2022_0291,W,N/A,Y,Y,AK,04/04/2024,3 leaves taken,DTB,handwriting unclear- could be N or W,Y
QUBR_2022_0292,N,N/A,Y,Y,AK,04/04/2024,3 leaves taken,DTB,,Y
QUBR_2022_0293,N,N/A,Y,Y,AK,04/04/2024,,DTB,handwriting unclear- could be N or W,Y
QUBR_2022_0294,E,N/A,Y,Y,AK,04/04/2024,,DTB,,Y
QUBR_2022_0295,N,N/A,Y,Y,AK,04/04/2024,,DTB,handwriting unclear- could be N or W,Y
QUBR_2022_0296,N,N/A,Y,Y,AK,04/04/2024,,DTB,,Y
QUBR_2022_0297,N,N/A,Y,Y,AK,04/04/2024,3 leaves taken,DTB,,Y
QUBR_2022_0298,N,N/A,Y,Y,AK,04/04/2024,,DTB,,Y
QUBR_2022_0299,N,N/A,Y,Y,AK,04/04/2024,3 leaves taken,DTB,,Y
QUBR_2022_0300,N,N/A,Y,Y,AK,04/04/2024,,DTB,,Y
QUBR_2022_0301,N,N/A,Y,Y,AK,04/04/2024,3 leaves taken,DTB,,Y
QUBR_2022_0302,N,N/A,Y,Y,AK,04/04/2024,,DTB,,Y
QUBR_2022_0303,N,N/A,Y,Y,AK,04/04/2024,1 leaf taken,DTB,,Y
QUBR_2022_0304,N,N/A,Y,Y,AK,04/04/2024,,DTB,,Y
QUBR_2022_0305,N,N/A,Y,Y,AK,04/04/2024,,DTB,,Y
QUBR_2022_0306,N,N/A,Y,Y,AK,04/04/2024,,DTB,,Y
QUBR_2022_0307,N,N/A,Y,Y,AK,04/04/2024,,DTB,,Y
QUBR_2022_0308,N,N/A,Y,Y,AK,04/04/2024,,DTB,,Y
QUBR_2022_0309,N,N/A,Y,Y,AK,04/04/2024,3 leaves taken,DTB,,Y
QUBR_2022_0310,N,LC,Y,Y,AK,04/04/2024,,DTB,,Y
QUBR_2022_0311,N,N/A,Y,Y,AK,04/04/2024,,DTB,,Y
QUBR_2022_0312,N,N/A,Y,Y,AK,04/04/2024,,DTB,,Y
QUBR_2022_0313,N,N/A,Y,Y,AK,04/04/2024,,DTB,,Y
QUBR_2022_0314,N,N/A,Y,Y,AK,04/04/2024,,DTB,,Y
QUBR_2022_0315,N,N/A,Y,Y,AK,04/04/2024,,DTB,,Y
QUBR_2022_0316,N,LC,Y,Y,AK,04/04/2024,3 leaves taken,DTB,,Y
QUBR_2022_0317,N,N/A,Y,Y,AK,04/04/2024,,DTB,,Y
QUBR_2022_0318,N,N/A,Y,Y,AK,04/04/2024,3 leaves taken,DTB,,Y
QUBR_2022_0319,N,N/A,Y,Y,AK,04/04/2024,,DTB,,Y
QUBR_2022_0320,N,N/A,Y,Y,AK,04/04/2024,3 leaves taken; sticker for envelope read 0020,DTB,,Y
QUBR_2022_0321,N,N/A,Y,Y,AK,04/04/2024,1 leaf taken,DTB,,Y
QUBR_2022_0322,N,N/A,Y,Y,AK,04/04/2024,3 leaves taken,DTB,,Y
QUBR_2022_0323,N,N/A,Y,Y,AK,04/04/2024,1 leaf taken; big leaves,DTB,,Y
QUBR_2022_0324,N,N/A,Y,Y,AK,04/04/2024,1 leaf taken; big leaves,DTB,,Y
QUBR_2022_0325,N,N/A,Y,Y,AK,04/04/2024,3 leaves taken,DTB,handwriting unclear- could be N or W,Y
QUBR_2022_0326,N,N/A,Y,Y,AK,04/04/2024,3 leaves taken,DTB,,Y
QUBR_2022_0327,N,N/A,Y,Y,AK,04/04/2024,3 leaves taken,DTB,,Y
QUBR_2022_0328,N,N/A,Y,Y,AK,04/04/2024,3 leaves taken,DTB,,Y
QUBR_2022_0329,N,N/A,Y,Y,AK,04/04/2024,1 leaf taken,DTB,,Y
QUBR_2022_0330,N,N/A,Y,Y,AK,04/04/2024,3 leaves taken,DTB,,Y
QUBR_2022_0331,N,N/A,Y,Y,AK,04/04/2024,,DTB,,Y
QUBR_2022_0332,N,N/A,Y,Y,AK,04/04/2024,,DTB,,Y
QUBR_2022_0333,N,N/A,Y,Y,AK,04/04/2024,,DTB,,Y
QUBR_2022_0334,N,N/A,Y,Y,AK,04/04/2024,,DTB,,Y
QUBR_2022_0335,E,EC,Y,Y,AK,04/04/2024,3 leaves taken,DTB,,Y
QUBR_2022_0336,N,N/A,Y,Y,AK,04/04/2024,,DTB,,Y
QUBR_2022_0337,N,N/A,Y,Y,AK,04/04/2024,,DTB,,Y
QUBR_2022_0338,E,SD,Y,Y,AK,04/04/2024,3 leaves taken,DTB,,Y
QUBR_2022_0339,N,N/A,Y,Y,AK,04/04/2024,,DTB,,Y
QUBR_2022_0340,N,N/A,Y,Y,AK,04/04/2024,,DTB,,Y
QUBR_2022_0341,N,N/A,Y,Y,AK,04/04/2024,3 leaves taken,DTB,,Y
QUBR_2022_0342,N,N/A,Y,Y,AK,04/04/2024,,DTB,,Y
QUBR_2022_0343,N,N/A,Y,Y,AK,04/04/2024,,DTB,,Y
QUBR_2022_0344,N,N/A,Y,Y,AK,04/04/2024,3 leaves taken,DTB,,Y
QUBR_2022_0345,N,N/A,Y,Y,AK,04/04/2024,,DTB,,Y
QUBR_2022_0346,N,N/A,Y,Y,AK,04/04/2024,,DTB,,Y
QUBR_2022_0347,N,N/A,Y,Y,AK,04/04/2024,3 leaves taken,DTB,,Y
QUBR_2022_0348,N,N/A,Y,Y,AK,04/04/2024,1 leaf taken,DTB,,Y
QUBR_2022_0349,N,N/A,Y,Y,AK,04/04/2024,,DTB,,Y
QUBR_2022_0350,N,N/A,Y,Y,AK,04/04/2024,3 leaves taken,DTB,,Y
QUBR_2022_0351,W,LB,Y,Y,AK,04/04/2024,,DTB,,Y
QUBR_2022_0352,N,N/A,Y,Y,AK,04/04/2024,3 leaves taken,DTB,,Y
QUBR_2022_0353,N,N/A,Y,Y,AK,04/04/2024,,DTB,,Y
QUBR_2022_0354,N,N/A,Y,Y,AK,04/04/2024,3 leaves taken,DTB,,Y
QUBR_2022_0355,N,N/A,Y,Y,AK,04/04/2024,3 leaves taken,DTB,,Y
QUBR_2022_0356,N,N/A,Y,Y,AK,04/04/2024,1 leaf taken; big leaves,DTB,,Y
QUBR_2022_0357,N,N/A,Y,Y,AK,04/04/2024,,DTB,,Y
QUBR_2022_0358,N,N/A,Y,Y,AK,04/04/2024,3 leaves taken,DTB,,Y
QUBR_2022_0359,N,N/A,Y,Y,AK,04/04/2024,1 leaf taken,DTB,,Y
QUBR_2022_0360,N,N/A,Y,Y,AK,04/04/2024,,DTB,,Y
QUBR_2022_0361,N,N/A,Y,Y,AK,04/04/2024,1 leaf taken,DTB,,Y
QUBR_2022_0362,N,LC,Y,Y,AK,04/04/2024,,DTB,,Y
QUBR_2022_0363,N,N/A,Y,Y,AK,04/04/2024,3 leaves taken,DTB,,Y
QUBR_2022_0364,N,N/A,Y,Y,AK,04/04/2024,3 leaves taken,DTB,,Y
QUBR_2022_0365,N,N/A,Y,Y,AK,04/04/2024,3 leaves taken,DTB,,Y
QUBR_2022_0366,N,N/A,Y,Y,AK,04/04/2024,3 leaves taken,DTB,,Y
QUBR_2022_0367,N,N/A,Y,Y,AK,04/04/2024,,DTB,,Y
QUBR_2022_0368,N,N/A,Y,Y,AK,04/04/2024,3 leaves taken,DTB,,Y
QUBR_2022_0369,N,N/A,Y,Y,AK,04/04/2024,,DTB,,Y
QUBR_2022_0370,N,N/A,Y,Y,AK,04/04/2024,3 leaves taken,DTB,,Y
QUBR_2022_0371,N,N/A,Y,Y,AK,04/04/2024,,DTB,,Y
QUBR_2022_0372,N,N/A,Y,Y,AK,04/04/2024,3 leaves taken,DTB,,Y
QUBR_2022_0373,N,N/A,Y,Y,AK,04/04/2024,3 leaves taken,DTB,,Y
QUBR_2022_0374,N,N/A,Y,Y,AK,04/04/2024,3 leaves taken,DTB,,Y
QUBR_2022_0375,N,N/A,Y,Y,AK,04/04/2024,3 leaves taken,DTB,,Y
QUBR_2022_0376,N,N/A,Y,Y,AK,04/04/2024,,DTB,,Y
QUBR_2022_0377,N,N/A,Y,Y,AK,04/04/2024,3 leaves taken,DTB,,Y
QUBR_2022_0378,E,SD,Y,Y,AK,04/04/2024,3 leaves taken,DTB,,Y
QUBR_2022_0379,N,N/A,Y,Y,AK,04/04/2024,,DTB,,Y
QUBR_2022_0380,N,LC,Y,Y,AK,04/04/2024,,DTB,,Y
QUBR_2022_0381,N,N/A,Y,Y,AK,04/04/2024,,DTB,,Y
QUBR_2022_0382,N,N/A,Y,Y,AK,04/04/2024,,DTB,,Y
QUBR_2022_0383,N,LM,Y,Y,AK,04/04/2024,,DTB,,Y
QUBR_2022_0384,N,N/A,Y,Y,AK,04/04/2024,3 leaves taken,DTB,,Y
QUBR_2022_0385,E,EC,Y,Y,AK,04/04/2024,1 leaf taken,DTB,,Y
QUBR_2022_0386,N,N/A,Y,Y,AK,04/04/2024,3 leaves taken,DTB,,Y
QUBR_2022_0387,N,N/A,Y,Y,AK,04/04/2024,3 leaves taken,DTB,,Y
QUBR_2022_0388,N,N/A,Y,Y,AK,04/04/2024,,DTB,,Y
QUBR_2022_0389,N,N/A,Y,Y,AK,04/04/2024,,DTB,,Y
QUBR_2022_0390,N,N/A,Y,Y,AK,04/04/2024,,DTB,,Y
QUBR_2022_0391,N,N/A,Y,Y,AK,04/04/2024,1 leaf taken,DTB,,Y
QUBR_2022_0392,N,N/A,Y,Y,AK,04/04/2024,,DTB,,Y
QUBR_2022_0393,N,N/A,Y,Y,AK,04/04/2024,,DTB,,Y
QUBR_2022_0394,N,LM,Y,Y,AK,04/04/2024,3 leaves taken,DTB,,Y
QUBR_2022_0395,N,N/A,Y,Y,AK,04/04/2024,3 leaves taken,DTB,,Y
QUBR_2022_0396,N,N/A,Y,Y,AK,04/04/2024,,DTB,,Y
QUBR_2022_0397,N,N/A,Y,Y,AK,04/04/2024,,DTB,,Y
QUBR_2022_0398,N,N/A,Y,Y,AK,04/04/2024,,DTB,,Y
QUBR_2022_0399,N,N/A,Y,Y,AK,04/04/2024,,DTB,,Y
QUBR_2022_0400,N,N/A,Y,Y,AK,04/04/2024,,DTB,,Y
QUBR_2022_0401,N,N/A,Y,Y,AK,04/04/2024,,DTB,,Y
QUBR_2022_0402,N,N/A,Y,Y,AK,04/04/2024,,DTB,,Y
QUBR_2022_0403,N,N/A,Y,N,AK,04/04/2024,Dead; no leaves taken; some small growth,DTB,,Y
QUBR_2022_0404,N,N/A,Y,Y,AK,04/04/2024,,DTB,,Y
QUBR_2022_0405,E,SD,Y,Y,AK,04/04/2024,,DTB,,Y
QUBR_2022_0406,N,N/A,Y,Y,AK,04/04/2024,3 leaves taken,DTB,,Y
QUBR_2022_0407,N,N/A,Y,Y,AK,04/04/2024,,DTB,,Y
QUBR_2022_0408,N,N/A,Y,Y,AK,04/04/2024,3 leaves taken,DTB,,Y
QUBR_2022_0409,N,N/A,Y,Y,AK,04/04/2024,3 leaves taken,DTB,,Y
QUBR_2022_0410,N,N/A,Y,Y,AK,04/04/2024,,DTB,,Y
QUBR_2022_0411,N,N/A,Y,Y,AK,04/04/2024,,DTB,,Y
QUBR_2022_0412,N,N/A,Y,Y,AK,04/04/2024,,DTB,,Y
QUBR_2022_0413,N,N/A,Y,Y,AK,04/04/2024,,DTB,,Y
QUBR_2022_0414,N,LM,Y,Y,AMH,04/06/2024,Santiago,DTB,,Y
QUBR_2022_0415,E,N/A,Y,Y,AMH,04/06/2024,1 leaf taken,DTB,,Y
QUBR_2022_0416,E,N/A,Y,Y,AMH,04/06/2024,,DTB,,Y
QUBR_2022_0417,N,LC,Y,Y,AMH,04/06/2024,,DTB,,Y
QUBR_2022_0418,E,N/A,Y,Y,AMH,04/06/2024,,DTB,,Y
QUBR_2022_0419,E,N/A,Y,Y,AMH,04/06/2024,,DTB,,Y
QUBR_2022_0420,E,N/A,Y,Y,AMH,04/06/2024,,DTB,,Y
QUBR_2022_0421,E,N/A,Y,Y,AMH,04/06/2024,1 leaf taken; small leaves,DTB,,Y
QUBR_2022_0422,E,N/A,Y,Y,AMH,04/06/2024,,DTB,,Y
QUBR_2022_0423,E,N/A,Y,Y,AMH,04/06/2024,,DTB,,Y
QUBR_2022_0424,E,N/A,Y,Y,AMH,04/06/2024,,DTB,,Y
QUBR_2022_0425,E,N/A,Y,Y,AMH,04/06/2024,,DTB,,Y
QUBR_2022_0426,E,N/A,Y,Y,AMH,04/06/2024,,DTB,,Y
QUBR_2022_0427,E,N/A,Y,Y,AMH,04/06/2024,,DTB,,Y
QUBR_2022_0428,E,SD,Y,Y,AMH,04/06/2024,1 leaf taken; big leaves,DTB,,Y
QUBR_2022_0429,E,N/A,N,N,AMH,04/06/2024,1 leaf,DTB,"leaves taken' is left blank, but notes say '1 leaf' was taken?",Y
QUBR_2022_0430,E,N/A,N,N,AMH,04/06/2024,no leaves,DTB,,Y
QUBR_2022_0431,E,N/A,Y,Y,AMH,04/06/2024,1/2 leaf,DTB,"unclear what the '1/2 leaf' notation means- leaves were collected, 1 was maybe smaller/larger than other?",Y
QUBR_2022_0432,E,N/A,Y,Y,AMH,04/06/2024,2 leaves taken; small leaves,DTB,,Y
QUBR_2022_0433,E,N/A,Y,Y,AMH,04/06/2024,3 leaves taken; small leaves,DTB,,Y
QUBR_2022_0434,N,LM,Y,Y,AMH,04/06/2024,1.5 leaves taken,DTB,,Y
QUBR_2022_0435,E,N/A,Y,Y,AMH,04/06/2024,,DTB,,Y
QUBR_2022_0436,E,N/A,Y,Y,AMH,04/06/2024,,DTB,,Y
QUBR_2022_0437,E,N/A,Y,Y,AMH,04/06/2024,2 leaves taken; small leaves,DTB,,Y
QUBR_2022_0438,W,N/A,Y,Y,AMH,04/06/2024,,DTB,,Y
QUBR_2022_0439,N,LM,Y,Y,AMH,04/06/2024,,DTB,,Y
QUBR_2022_0440,E,N/A,Y,Y,AMH,04/06/2024,,DTB,,Y
QUBR_2022_0441,E,SD,Y,Y,AMH,04/06/2024,,DTB,,Y
QUBR_2022_0442,E,N/A,Y,Y,AMH,04/06/2024,,DTB,,Y
QUBR_2022_0443,E,N/A,Y,Y,AMH,04/06/2024,1 leaf taken,DTB,,Y
QUBR_2022_0444,E,N/A,Y,Y,AMH,04/06/2024,,DTB,,Y
QUBR_2022_0445,E,N/A,Y,Y,AMH,04/06/2024,1 leaf taken,DTB,,Y
QUBR_2022_0446,E,N/A,Y,Y,AMH,04/06/2024,,DTB,,Y
QUBR_2022_0447,E,N/A,Y,Y,AMH,04/06/2024,,DTB,,Y
QUBR_2022_0448,N,LC,Y,Y,AMH,04/06/2024,1 leaf taken,DTB,,Y
QUBR_2022_0449,E,N/A,Y,Y,AMH,04/06/2024,,DTB,,Y
QUBR_2022_0450,E,N/A,Y,Y,AMH,04/06/2024,1 leaf taken,DTB,,Y
QUBR_2022_0451,E,N/A,Y,Y,AMH,04/06/2024,,DTB,,Y
QUBR_2022_0452,E,N/A,Y,Y,AMH,04/06/2024,,DTB,,Y
QUBR_2022_0453,E,N/A,Y,Y,AMH,04/06/2024,,DTB,,Y
QUBR_2022_0454,E,N/A,Y,Y,AMH,04/06/2024,,DTB,,Y
QUBR_2022_0455,E,N/A,Y,Y,AMH,04/06/2024,,DTB,,Y
QUBR_2022_0456,W,SDo,Y,Y,AMH,04/06/2024,,DTB,,Y
QUBR_2022_0457,E,N/A,Y,Y,AMH,04/06/2024,,DTB,,Y
QUBR_2022_0458,E,N/A,Y,Y,AMH,04/06/2024,3 leaves taken,DTB,,Y
QUBR_2022_0459,E,EC,Y,Y,AMH,04/06/2024,,DTB,,Y
QUBR_2022_0460,E,N/A,Y,Y,AMH,04/06/2024,1 leaf taken,DTB,,Y
QUBR_2022_0461,E,N/A,Y,Y,AMH,04/06/2024,,DTB,,Y
QUBR_2022_0462,E,N/A,Y,Y,AMH,04/06/2024,3 leaves taken,DTB,,Y
QUBR_2022_0463,E,N/A,Y,Y,AMH,04/06/2024,1 leaf taken,DTB,,Y
QUBR_2022_0464,E,N/A,Y,Y,AMH,04/06/2024,2 leaves taken; small leaves,DTB,,Y
QUBR_2022_0465,E,N/A,Y,Y,AMH,04/06/2024,,DTB,,Y
QUBR_2022_0466,E,N/A,Y,Y,AMH,04/06/2024,1 leaf taken,DTB,,Y
QUBR_2022_0467,W,SDo,Y,Y,AMH,04/06/2024,2 leaves taken; 1 small leaf; 1 medium leaf,DTB,,Y
QUBR_2022_0468,E,N/A,Y,Y,AMH,04/06/2024,1 leaf taken,DTB,,Y
QUBR_2022_0469,E,N/A,Y,Y,AMH,04/06/2024,,DTB,,Y
QUBR_2022_0470,E,N/A,Y,Y,AMH,04/06/2024,,DTB,,Y
QUBR_2022_0471,N,LM,Y,Y,AMH,04/06/2024,,DTB,,Y
QUBR_2022_0472,E,SD,Y,Y,AMH,04/06/2024,1 leaf taken,DTB,,Y
QUBR_2022_0473,E,N/A,Y,Y,AMH,04/06/2024,,DTB,,Y
QUBR_2022_0474,E,N/A,Y,Y,AMH,04/06/2024,,DTB,,Y
QUBR_2022_0475,E,N/A,Y,Y,AMH,04/06/2024,1 leaf taken,DTB,,Y
QUBR_2022_0476,N,LC,Y,N,AMH,04/06/2024,No leaves taken; too small,DTB,,Y
QUBR_2022_0477,E,SD,Y,Y,AMH,04/06/2024,3 leaves taken; small leaves,DTB,,Y
QUBR_2022_0478,N,LM,Y,Y,AMH,04/06/2024,,DTB,,Y
QUBR_2022_0479,E,N/A,Y,Y,AMH,04/06/2024,1 leaf taken,DTB,,Y
QUBR_2022_0480,E,N/A,Y,Y,AMH,04/06/2024,1 leaf taken,DTB,,Y
QUBR_2022_0481,W,SDo,Y,Y,AMH,04/06/2024,,DTB,,Y
QUBR_2022_0482,E,N/A,Y,Y,AMH,04/06/2024,1 leaf taken,DTB,,Y
QUBR_2022_0483,E,N/A,Y,Y,AMH,04/06/2024,1 leaf taken,DTB,,Y
QUBR_2022_0484,E,EC,Y,Y,AMH,04/06/2024,,DTB,,Y
QUBR_2022_0485,N,LM,Y,Y,AMH,04/06/2024,,DTB,,Y
QUBR_2022_0486,N,LM,Y,Y,AMH,04/06/2024,,DTB,,Y
QUBR_2022_0487,E,EC,Y,Y,AMH,04/06/2024,,DTB,,Y
QUBR_2022_0488,E,N/A,Y,Y,AMH,04/06/2024,,DTB,,Y
QUBR_2022_0489,E,N/A,Y,Y,AMH,04/06/2024,2 leaves taken; small leaves,DTB,,Y
QUBR_2022_0490,E,N/A,Y,Y,AMH,04/06/2024,2 leaves taken; large leaves,DTB,,Y
QUBR_2022_0491,E,N/A,Y,Y,AMH,04/06/2024,,DTB,,Y
QUBR_2022_0492,E,N/A,Y,Y,AMH,04/06/2024,,DTB,,Y
QUBR_2022_0493,E,N/A,Y,Y,AMH,04/06/2024,,DTB,,Y
QUBR_2022_0494,E,EC,Y,Y,AMH,04/06/2024,1 leaf taken,DTB,,Y
QUBR_2022_0495,E,N/A,Y,Y,AMH,04/06/2024,,DTB,,Y
QUBR_2022_0496,E,EC,Y,Y,AMH,04/06/2024,2 leaves taken; small leaves,DTB,,Y
QUBR_2022_0497,E,N/A,Y,Y,AMH,04/06/2024,1.5 leaves taken,DTB,,Y
QUBR_2022_0498,E,N/A,Y,Y,AMH,04/06/2024,1 leaf taken,DTB,,Y
QUBR_2022_0499,W,LB,Y,Y,AMH,04/06/2024,,DTB,,Y
QUBR_2022_0500,E,N/A,Y,Y,AMH,04/06/2024,,DTB,,Y
QUBR_2022_0501,E,N/A,Y,Y,AMH,04/06/2024,1 leaf taken,DTB,,Y
QUBR_2022_0502,E,N/A,Y,Y,AMH,04/06/2024,1.5 leaves taken,DTB,,Y
QUBR_2022_0503,E,N/A,Y,Y,AMH,04/06/2024,1 leaf taken,DTB,,Y
QUBR_2022_0504,E,SD,Y,Y,AMH,04/06/2024,,DTB,,Y
QUBR_2022_0505,E,SD,Y,Y,AMH,04/06/2024,,DTB,,Y
QUBR_2022_0506,E,EC,Y,Y,AMH,04/06/2024,2 leaves taken; big leaves,DTB,,Y
QUBR_2022_0507,E,N/A,Y,Y,AMH,04/06/2024,,DTB,,Y
QUBR_2022_0508,E,N/A,Y,Y,AMH,04/06/2024,1 leaf taken,DTB,,Y
QUBR_2022_0509,E,N/A,Y,Y,AMH,04/06/2024,1.5 leaves taken,DTB,,Y
QUBR_2022_0510,E,N/A,Y,Y,AMH,04/06/2024,1 leaf taken; big leaves,DTB,,Y
QUBR_2022_0511,E,N/A,Y,Y,AMH,04/06/2024,,DTB,,Y
QUBR_2022_0512,E,N/A,Y,Y,AMH,04/06/2024,,DTB,,Y
QUBR_2022_0513,W,SDo,Y,N,AMH,04/06/2024,No leaves taken; too small,DTB,,Y
QUBR_2022_0514,E,N/A,Y,Y,AMH,04/06/2024,,DTB,,Y
QUBR_2022_0515,E,N/A,Y,Y,AMH,04/06/2024,,DTB,,Y
QUBR_2022_0516,,N/A,N,N,AMH,04/06/2024,No leaves taken; too small,DTB,,Y
QUBR_2022_0517,E,EC,Y,Y,AMH,04/06/2024,1.5 leaves taken,DTB,,Y
QUBR_2022_0518,E,N/A,Y,Y,AMH,04/06/2024,3 leaves taken,DTB,,Y
QUBR_2022_0519,E,N/A,Y,Y,AMH,04/06/2024,1 leaf taken,DTB,,Y
QUBR_2022_0520,E,N/A,Y,Y,AMH,04/06/2024,1 leaf taken,DTB,,Y
QUBR_2022_0521,E,N/A,Y,Y,AMH,04/06/2024,1 leaf taken,DTB,,Y
QUBR_2022_0522,E,N/A,Y,Y,AMH,04/06/2024,2 leaves taken; 1 big leaf,DTB,,Y
QUBR_2022_0523,E,N/A,Y,Y,AMH,04/06/2024,,DTB,,Y
QUBR_2022_0524,E,N/A,Y,Y,AMH,04/06/2024,1 leaf taken,DTB,,Y
QUBR_2022_0525,E,N/A,Y,Y,AMH,04/06/2024,1 leaf taken; small leaves,DTB,,Y
QUBR_2022_0526,N,LM,Y,Y,AMH,04/06/2024,,DTB,,Y
QUBR_2022_0527,E,N/A,Y,Y,AMH,04/06/2024,1.5 leaves taken; big leaves,DTB,,Y
QUBR_2022_0528,E,N/A,Y,Y,AMH,04/06/2024,,DTB,,Y
QUBR_2022_0529,E,N/A,Y,Y,AMH,04/06/2024,3 leaves taken,DTB,,Y
QUBR_2022_0530,E,N/A,Y,Y,AMH,04/06/2024,1 leaf taken; small leaves,DTB,,Y
QUBR_2022_0531,E,N/A,Y,Y,AMH,04/06/2024,2 leaves taken; small leaves,DTB,,Y
QUBR_2022_0532,W,SDo,Y,Y,AMH,04/06/2024,,DTB,,Y
QUBR_2022_0533,E,SD,Y,Y,AMH,04/06/2024,,DTB,,Y
QUBR_2022_0534,W,SDo,Y,Y,AMH,04/06/2024,,DTB,,Y
QUBR_2022_0535,E,SD,Y,Y,AMH,04/06/2024,1 leaf taken,DTB,,Y
QUBR_2022_0536,E,N/A,Y,Y,AMH,04/06/2024,1 leaf taken,DTB,,Y
QUBR_2022_0537,E,EC,Y,Y,AMH,04/06/2024,2 leaves taken,DTB,,Y
QUBR_2022_0538,N,LM,Y,Y,AMH,04/06/2024,1 leaf taken,DTB,,Y
QUBR_2022_0539,E,N/A,Y,Y,AMH,04/06/2024,2 leaves taken; small leaves,DTB,,Y
QUBR_2022_0540,E,N/A,Y,Y,AMH,04/06/2024,1 leaf taken,DTB,,Y
QUBR_2022_0541,E,N/A,Y,Y,AMH,04/06/2024,1.5 leaves taken; small leaves,DTB,,Y
QUBR_2022_0542,W,LB,Y,Y,AMH,04/06/2024,,DTB,,Y
QUBR_2022_0543,E,EC,Y,Y,AMH,04/06/2024,1 leaf taken,DTB,,Y
QUBR_2022_0544,W,LB,Y,N,AMH,04/06/2024,,DTB,,Y
QUBR_2022_0545,W,LB,Y,Y,AMH,04/06/2024,,DTB,,Y
QUBR_2022_0546,W,LB,Y,Y,AMH,04/06/2024,1 leaf taken,DTB,,Y
QUBR_2022_0547,E,N/A,Y,Y,AMH,04/06/2024,2 leaves taken; small leaves,DTB,,Y
QUBR_2022_0548,E,N/A,Y,Y,AMH,04/06/2024,1 leaf taken; small leaves,DTB,,Y
QUBR_2022_0549,E,N/A,Y,Y,AMH,04/06/2024,2 leaves taken; small leaves,DTB,,Y
QUBR_2022_0550,E,N/A,Y,Y,AMH,04/06/2024,1 leaf taken; small leaves,DTB,,Y
QUBR_2022_0551,E,N/A,Y,Y,AMH,04/06/2024,,DTB,,Y
QUBR_2022_0552,E,N/A,Y,Y,AMH,04/06/2024,1 leaf taken; small leaves,DTB,,Y
QUBR_2022_0553,E,N/A,Y,Y,AMH,04/06/2024,1 leaf taken,DTB,,Y
QUBR_2022_0554,E,N/A,Y,Y,AMH,04/06/2024,,DTB,,Y
QUBR_2022_0555,E,N/A,Y,Y,AMH,04/06/2024,1 leaf taken,DTB,,Y
QUBR_2022_0556,E,N/A,Y,Y,AMH,04/06/2024,1 leaf taken,DTB,,Y
QUBR_2022_0557,E,N/A,N,N,AMH,04/06/2024,No leaves taken; too small,DTB,,Y
QUBR_2022_0558,E,N/A,Y,Y,AMH,04/06/2024,,DTB,,Y
QUBR_2022_0559,E,N/A,Y,Y,AMH,04/06/2024,,DTB,,Y
QUBR_2022_0560,E,N/A,Y,Y,AMH,04/06/2024,"1 leaf taken; small, bad leaves",DTB,,Y
QUBR_2022_0561,N,LM,Y,Y,AMH,04/06/2024,,DTB,,Y
QUBR_2022_0562,E,N/A,Y,Y,AMH,04/06/2024,1 leaf taken,DTB,,Y
QUBR_2022_0563,E,N/A,Y,Y,AMH,04/06/2024,2 leaves taken; small leaves,DTB,,Y
QUBR_2022_0564,E,N/A,Y,Y,AMH,04/06/2024,2 leaves taken; small leaves,DTB,,Y
QUBR_2022_0565,E,N/A,Y,Y,AMH,04/06/2024,2 leaves taken; big leaves,DTB,,Y
QUBR_2022_0566,E,N/A,Y,Y,AMH,04/06/2024,,DTB,,Y
QUBR_2022_0567,N,LM,Y,Y,AMH,04/06/2024,1 leaves taken,DTB,,Y
QUBR_2022_0568,N,LM,Y,Y,AMH,04/06/2024,2 leaves taken; big leaves,DTB,,Y
QUBR_2022_0569,N,N/A,Y,Y,AMH,04/06/2024,1 leaf taken; small leaves,DTB,,Y
QUBR_2022_0570,N,N/A,Y,N,AMH,04/06/2024,No leaves taken; too small,DTB,,Y
QUBR_2022_0571,N,LC,Y,Y,AMH,04/06/2024,1.5 leaves taken,DTB,,Y
QUBR_2022_0572,N,LM,Y,Y,AMH,04/06/2024,1 leaf taken,DTB,,Y
QUBR_2022_0573,N,LM,Y,Y,AMH,04/06/2024,,DTB,,Y
QUBR_2022_0574,N,LC,Y,Y,AMH,04/06/2024,4 leaves taken,DTB,,Y
QUBR_2022_0575,N,N/A,Y,N,AMH,04/06/2024,No leaves taken; too small,DTB,,Y
QUBR_2022_0576,N,LM,Y,Y,AMH,04/06/2024,1 leaf taken,DTB,,Y
QUBR_2022_0577,N,LM,Y,N,AMH,04/06/2024,No leaves taken; too small,DTB,,Y
QUBR_2022_0578,N,LM,Y,N,AMH,04/06/2024,No leaves taken; too small,DTB,,Y
QUBR_2022_0579,N,N/A,Y,Y,AMH,04/06/2024,1 leaf taken,DTB,,Y
QUBR_2022_0580,N,LC,Y,Y,AMH,04/06/2024,3 leaves taken,DTB,,Y
QUBR_2022_0581,N,N/A,Y,Y,AMH,04/06/2024,,DTB,,Y
QUBR_2022_0582,E,EC,Y,Y,AMH,04/06/2024,1 leaf taken,DTB,,Y
QUBR_2022_0583,N,LM,Y,Y,AMH,04/06/2024,1 leaf taken,DTB,,Y
QUBR_2022_0584,E,N/A,Y,Y,AMH,04/06/2024,,DTB,,Y
QUBR_2022_0585,E,N/A,Y,Y,AMH,04/06/2024,1 leaf taken; big leaves,DTB,,Y
QUBR_2022_0586,E,N/A,N,N,AMH,04/06/2024,No leaves taken; too small,DTB,,Y
QUBR_2022_0587,E,N/A,Y,Y,AMH,04/06/2024,,DTB,,Y
QUBR_2022_0588,E,N/A,Y,Y,AMH,04/06/2024,,DTB,,Y
QUBR_2022_0589,E,N/A,Y,Y,AMH,04/06/2024,1 leaf taken,DTB,,Y
QUBR_2022_0590,E,N/A,Y,Y,AMH,04/06/2024,2 leaves taken; small leaves,DTB,,Y
QUBR_2022_0591,E,N/A,Y,Y,AMH,04/06/2024,2 leaves taken; big leaves,DTB,,Y
QUBR_2022_0592,N,LM,Y,Y,AMH,04/06/2024,1 leaf taken,DTB,,Y
QUBR_2022_0593,N,LC,Y,Y,AMH,04/06/2024,1 leaf taken,DTB,,Y
QUBR_2022_0594,N,LM,Y,Y,AMH,04/06/2024,1.5 leaves taken,DTB,,Y
QUBR_2022_0595,N,LC,Y,Y,AMH,04/06/2024,1 leaf taken,DTB,,Y
QUBR_2022_0596,W,N/A,Y,Y,AMH,04/06/2024,,DTB,,Y
QUBR_2022_0597,W,LB?,Y,Y,AMH,04/06/2024,0.5 leaves taken; small leaves,DTB,Site is written as (? LB),Y
QUBR_2022_0598,N,LM,Y,Y,AMH,04/06/2024,1 leaf taken; big leaves,DTB,,Y
QUBR_2022_0599,N,LM,Y,Y,AMH,04/06/2024,,DTB,,Y
QUBR_2022_0600,W,SDo,Y,N,AMH,04/06/2024,No leaves taken; too small,DTB,,Y
QUBR_2022_0601,N,LC,Y,Y,AMH,04/06/2024,,DTB,,Y
QUBR_2022_0602,N,LC,Y,N,AMH,04/06/2024,No leaves taken; too small,DTB,,Y
QUBR_2022_0603,N,LC,Y,Y,AMH,04/06/2024,1 leaf taken,DTB,,Y
QUBR_2022_0604,N,LC,Y,Y,AMH,04/06/2024,1 leaf taken,DTB,,Y
QUBR_2022_0605,N,LM,Y,Y,AMH,04/06/2024,1.5 leaves taken,DTB,,Y
QUBR_2022_0606,N,LM,Y,N,AMH,04/06/2024,No leaves taken; too small,DTB,,Y
QUBR_2022_0607,E,N/A,Y,Y,AMH,04/06/2024,1 leaf taken,DTB,,Y
QUBR_2022_0608,N,N/A,Y,Y,AMH,04/06/2024,2 leaves taken; big leaves,DTB,,Y
QUBR_2022_0609,E,N/A,Y,Y,AMH,04/06/2024,,DTB,,Y
QUBR_2022_0610,E,N/A,Y,Y,AMH,04/06/2024,1 leaf taken,DTB,,Y
QUBR_2022_0611,N,N/A,Y,Y,AMH,04/06/2024,,DTB,,Y
QUBR_2022_0612,N,N/A,Y,Y,AMH,04/06/2024,1 leaf taken,DTB,,Y
QUBR_2022_0613,N,LC,Y,Y,AMH,04/06/2024,0.5 leaves taken; big leaves,DTB,,Y
QUBR_2022_0614,E,N/A,Y,Y,AMH,04/06/2024,2 leaves taken; small leaves,DTB,,Y
QUBR_2022_0615,N,LC,Y,Y,AMH,04/06/2024,1.5 leaves taken; big leaves,DTB,,Y
QUBR_2022_0616,N,LM,Y,Y,AMH,04/06/2024,,DTB,,Y
QUBR_2022_0617,N,LM,Y,Y,AMH,04/06/2024,2 leaves taken,DTB,,Y
QUBR_2022_0618,E,SD,Y,N,GS,04/06/2024,No leaves taken; too small,DTB,,Y
QUBR_2022_0619,E,SD,Y,Y,GS,04/06/2024,,DTB,,Y
QUBR_2022_0620,N,LM,Y,Y,GS,04/06/2024,1 leaf taken,DTB,,Y
QUBR_2022_0621,N,LM,Y,Y,GS,04/06/2024,1 leaf taken,DTB,"Notes say that 1 leaf was taken, but Env 1 and Env 2 columns are not checked off",Y
QUBR_2022_0622,E,N/A,Y,N,GS,04/06/2024,No leaves taken; too few leaves,DTB,,Y
QUBR_2022_0623,W,LB,Y,Y,GS,04/06/2024,1 leaf taken,DTB,,Y
QUBR_2022_0624,E,N/A,Y,Y,GS,04/06/2024,1 leaf taken,DTB,,Y
QUBR_2022_0625,E,N/A,Y,Y,GS,04/06/2024,1 leaf taken,DTB,,Y
QUBR_2022_0626,E,N/A,Y,Y,GS,04/06/2024,1 leaf taken,DTB,,Y
QUBR_2022_0627,E,N/A,Y,Y,GS,04/06/2024,1 leaf taken,DTB,,Y
QUBR_2022_0628,E,N/A,Y,Y,GS,04/06/2024,1 leaf taken,DTB,,Y
QUBR_2022_0629,E,N/A,Y,Y,GS,04/06/2024,,DTB,,Y
QUBR_2022_0630,N,LC,Y,Y,GS,04/06/2024,1 leaf taken,DTB,,Y
QUBR_2022_0631,E,N/A,Y,Y,GS,04/06/2024,1 leaf taken,DTB,,Y
QUBR_2022_0632,E,N/A,Y,Y,GS,04/06/2024,1 leaf taken,DTB,,Y
QUBR_2022_0633,E,N/A,Y,Y,GS,04/06/2024,,DTB,,Y
QUBR_2022_0634,E,N/A,Y,N,GS,04/06/2024,No leaves taken; too small,DTB,,Y
QUBR_2022_0635,E,N/A,Y,Y,GS,04/06/2024,1 leaf taken,DTB,,Y
QUBR_2022_0636,E,N/A,Y,N,GS,04/06/2024,No leaves taken; too few leaves,DTB,,Y
QUBR_2022_0637,E,N/A,Y,Y,GS,04/06/2024,1 leaf taken,DTB,,Y
QUBR_2022_0638,E,N/A,Y,Y,GS,04/06/2024,1 leaf taken,DTB,,Y
QUBR_2022_0639,N,N/A,Y,Y,GS,04/06/2024,1 leaf taken,DTB,,Y
QUBR_2022_0640,N,N/A,Y,Y,GS,04/06/2024,1 leaf taken,DTB,,Y
QUBR_2022_0641,N,N/A,Y,Y,GS,04/06/2024,1 leaf taken,DTB,,Y
QUBR_2022_0642,E,N/A,Y,Y,GS,04/06/2024,1 leaf taken,DTB,,Y
QUBR_2022_0643,E,N/A,Y,Y,GS,04/06/2024,1 leaf taken,DTB,,Y
QUBR_2022_0644,E,N/A,Y,Y,GS,04/06/2024,1 leaf taken,DTB,,Y
QUBR_2022_0645,E,N/A,Y,N,GS,04/06/2024,1 leaf taken,DTB,,Y
QUBR_2022_0646,E,N/A,Y,Y,GS,04/06/2024,,DTB,,Y
QUBR_2022_0647,E,N/A,Y,Y,GS,04/06/2024,No leaves taken; too small,DTB,"Notes say tree was too small, but Env 1 and Env 2 were checked as filled- I think 0647 and 0648 were switched?",Y
QUBR_2022_0648,E,N/A,Y,N,GS,04/06/2024,1 leaf taken,DTB,Leaves were not taken but notes say '1 leaf taken'- I think 0647 and 0648 were switched?,Y
QUBR_2022_0649,E,N/A,Y,Y,GS,04/06/2024,1 leaf taken,DTB,,Y
QUBR_2022_0650,E,N/A,Y,N,GS,04/06/2024,No leaves taken; too small,DTB,,Y
QUBR_2022_0651,E,N/A,Y,Y,GS,04/06/2024,1 leaf taken,DTB,,Y
QUBR_2022_0652,E,N/A,Y,N,GS,04/06/2024,No leaves taken; too small,DTB,,Y
QUBR_2022_0653,N,N/A,Y,Y,GS,04/06/2024,1 leaf taken,DTB,,Y
QUBR_2022_0654,E,N/A,Y,Y,AK,04/06/2024,1 leaf taken,DTB,,Y
QUBR_2022_0655,E,N/A,Y,Y,AK,04/06/2024,1 leaf taken,DTB,,Y
QUBR_2022_0656,N,N/A,Y,Y,AK,04/06/2024,1 leaf taken,DTB,,Y
QUBR_2022_0657,E,N/A,Y,Y,AK,04/06/2024,1 leaf taken,DTB,,Y
QUBR_2022_0658,N,N/A,Y,Y,AK,04/06/2024,1 leaf taken,DTB,,Y
QUBR_2022_0659,E,N/A,Y,Y,AK,04/06/2024,1 leaf taken,DTB,,Y
QUBR_2022_0660,E,N/A,Y,Y,AK,04/06/2024,,DTB,,Y
QUBR_2022_0661,E,N/A,Y,Y,AK,04/06/2024,1 leaf taken,DTB,,Y
QUBR_2022_0662,W,SDo,Y,Y,AK,04/06/2024,1 leaf taken,DTB,,Y
QUBR_2022_0663,E,N/A,Y,Y,AK,04/06/2024,1 leaf taken,DTB,,Y
QUBR_2022_0664,E,N/A,Y,Y,AK,04/06/2024,,DTB,,Y
QUBR_2022_0665,E,N/A,Y,Y,AK,04/06/2024,1 leaf taken,DTB,,Y
QUBR_2022_0666,E,N/A,Y,Y,AK,04/06/2024,,DTB,,Y
QUBR_2022_0667,E,N/A,Y,Y,AK,04/06/2024,1 leaf taken,DTB,,Y
QUBR_2022_0668,E,N/A,Y,Y,AK,04/06/2024,1 leaf taken,DTB,,Y
QUBR_2022_0669,E,SD,Y,Y,AK,04/06/2024,1 leaf taken,DTB,,Y
QUBR_2022_0670,E,N/A,Y,Y,AK,04/06/2024,1 leaf taken,DTB,,Y
QUBR_2022_0671,W,SDo,Y,Y,AK,04/06/2024,1 leaf taken,DTB,,Y
QUBR_2022_0672,E,N/A,Y,Y,AK,04/06/2024,1 leaf taken,DTB,,Y
QUBR_2022_0673,W,N/A,Y,Y,AK,04/06/2024,1 leaf taken,DTB,,Y
QUBR_2022_0674,E,N/A,Y,Y,AK,04/06/2024,,DTB,,Y
QUBR_2022_0675,E,N/A,Y,Y,AK,04/06/2024,1 leaf taken,DTB,,Y
QUBR_2022_0676,E,N/A,Y,Y,AK,04/06/2024,1 leaf taken,DTB,,Y
QUBR_2022_0677,E,N/A,Y,N,AK,04/06/2024,No leaves taken; not enough leaves,DTB,,Y
QUBR_2022_0678,E,N/A,Y,Y,AK,04/06/2024,1 leaf taken,DTB,,Y
QUBR_2022_0679,E,N/A,Y,Y,AK,04/06/2024,1 leaf taken,DTB,,Y
QUBR_2022_0680,E,N/A,Y,N,AK,04/06/2024,No leaves taken; not enough leaves,DTB,,Y
QUBR_2022_0681,E,N/A,Y,Y,AK,04/06/2024,,DTB,,Y
QUBR_2022_0682,E,N/A,Y,Y,AK,04/06/2024,,DTB,,Y
QUBR_2022_0683,E,N/A,Y,Y,AK,04/06/2024,,DTB,,Y
QUBR_2022_0684,E,N/A,Y,Y,AK,04/06/2024,,DTB,,Y
QUBR_2022_0685,N,LM,Y,Y,AK,04/06/2024,1 leaf taken,DTB,,Y
QUBR_2022_0686,E,N/A,Y,Y,AK,04/06/2024,,DTB,,Y
QUBR_2022_0687,E,N/A,Y,Y,AK,04/06/2024,,DTB,,Y
QUBR_2022_0688,E,SD,Y,Y,AK,04/06/2024,,DTB,,Y
QUBR_2022_0689,E,N/A,Y,Y,AK,04/06/2024,,DTB,,Y
QUBR_2022_0690,E,SD,Y,N,AK,04/06/2024,No leaves taken; not enough leaves,DTB,,Y
QUBR_2022_0691,E,SD,Y,Y,AK,04/06/2024,1 leaf taken,DTB,,Y
QUBR_2022_0692,N,LM,Y,N,AK,04/06/2024,No leaves taken; not enough leaves,DTB,,Y
QUBR_2022_0693,N,LC,Y,Y,AK,04/06/2024,,DTB,,Y
QUBR_2022_0694,N,N/A,Y,Y,AK,04/06/2024,1 leaf taken,DTB,,Y
QUBR_2022_0695,E,N/A,Y,Y,AK,04/06/2024,1 leaf taken,DTB,,Y
QUBR_2022_0696,E,N/A,Y,Y,AK,04/06/2024,,DTB,,Y
QUBR_2022_0697,N,LC,Y,Y,AK,04/06/2024,,DTB,,Y
QUBR_2022_0698,E,N/A,Y,Y,AK,04/06/2024,,DTB,,Y
QUBR_2022_0699,E,N/A,Y,Y,AK,04/06/2024,,DTB,,Y
QUBR_2022_0700,E,N/A,Y,Y,AK,04/06/2024,1 leaf taken,DTB,,Y
QUBR_2022_0701,E,N/A,Y,Y,AK,04/06/2024,,DTB,,Y
QUBR_2022_0702,E,N/A,Y,N,AK,04/06/2024,No leaves taken; not enough leaves,DTB,,Y
QUBR_2022_0703,E,SD,Y,N,AK,04/06/2024,1 leaf taken,DTB,No check by 'Leaves taken' but notes say '1 leaf taken',Y
QUBR_2022_0704,E,N/A,Y,N,AK,04/06/2024,1 leaf taken,DTB,No check by 'Leaves taken' but notes say '1 leaf taken',Y
QUBR_2022_0705,N,N/A,Y,Y,AK,04/06/2024,1 leaf taken,DTB,,Y
QUBR_2022_0706,E,N/A,Y,Y,AK,04/06/2024,1 leaf taken,DTB,,Y
QUBR_2022_0707,E,N/A,Y,N,AK,04/06/2024,No leaves taken; not enough leaves,DTB,,Y
QUBR_2022_0708,E,EC,Y,Y,AK,04/06/2024,No leaves taken; not enough leaves,DTB,,Y
QUBR_2022_0709,E,SD,Y,Y,AK,04/06/2024,1 leaf taken,DTB,,Y
QUBR_2022_0710,E,EC,Y,Y,AK,04/06/2024,1 leaf taken,DTB,,Y
QUBR_2022_0711,E,N/A,Y,Y,AK,04/06/2024,,DTB,,Y
QUBR_2022_0712,E,N/A,Y,Y,AK,04/06/2024,,DTB,,Y
QUBR_2022_0713,E,SD,Y,N,AK,04/06/2024,No leaves taken; not enough leaves,DTB,,Y
QUBR_2022_0714,E,EC,Y,Y,AK,04/06/2024,,DTB,,Y
QUBR_2022_0715,E,N/A,Y,Y,AK,04/06/2024,,DTB,,Y
QUBR_2022_0716,N,LM,Y,N,AK,04/06/2024,No leaves taken; not enough leaves,DTB,,Y
QUBR_2022_0717,E,N/A,Y,Y,AK,04/06/2024,1 leaf taken,DTB,,Y
QUBR_2022_0718,E,N/A,Y,Y,AK,04/06/2024,1 leaf taken,DTB,,Y
QUBR_2022_0719,E,N/A,Y,N,AK,04/06/2024,No leaves taken; not enough leaves,DTB,,Y
QUBR_2022_0720,E,N/A,Y,N,AK,04/06/2024,No leaves taken; not enough leaves,DTB,,Y
QUBR_2022_0721,E,N/A,Y,Y,AK,04/06/2024,,DTB,I cannot read what is written in the notes section- 'Mixtq?; 1 leaf',Y
QUBR_2022_0722,E,N/A,Y,Y,AK,04/06/2024,1 leaf taken,DTB,,Y
QUBR_2022_0723,E,N/A,Y,Y,AK,04/06/2024,,DTB,,Y
QUBR_2022_0724,N,LM,Y,Y,AK,04/06/2024,,DTB,,Y
QUBR_2022_0725,N,N/A,Y,N,AK,04/06/2024,No leaves taken; not enough leaves,DTB,,Y
QUBR_2022_0726,E,N/A,Y,Y,AK,04/06/2024,1 leaf taken,DTB,,Y
QUBR_2022_0727,E,N/A,Y,Y,AK,04/06/2024,,DTB,,Y
QUBR_2022_0728,E,N/A,Y,Y,AK,04/06/2024,,DTB,,Y
QUBR_2022_0729,E,N/A,Y,N,AK,04/06/2024,No leaves taken; not enough leaves,DTB,,Y
QUBR_2022_0730,E,N/A,Y,Y,AK,04/06/2024,1 leaf taken,DTB,,Y
QUBR_2022_0731,E,N/A,Y,Y,AK,04/06/2024,,DTB,,Y
QUBR_2022_0732,E,N/A,Y,Y,AK,04/06/2024,1 leaf taken,DTB,,Y
QUBR_2022_0733,N,LC,Y,Y,AK,04/06/2024,,DTB,,Y
QUBR_2022_0734,N,LC,Y,Y,AK,04/06/2024,,DTB,,Y
QUBR_2022_0735,E,N/A,Y,Y,AK,04/06/2024,,DTB,,Y
QUBR_2022_0736,E,N/A,Y,N,AK,04/06/2024,No leaves taken; not enough leaves,DTB,,Y
QUBR_2022_0737,E,N/A,Y,N,AK,04/06/2024,No leaves taken; not enough leaves,DTB,,Y
QUBR_2022_0738,E,N/A,Y,Y,AK,04/06/2024,1 leaf taken,DTB,,Y
QUBR_2022_0739,E,N/A,Y,Y,AK,04/06/2024,,DTB,,Y
QUBR_2022_0740,E,N/A,Y,Y,AK,04/06/2024,1 leaf taken,DTB,,Y
QUBR_2022_0741,E,N/A,Y,N,AK,04/06/2024,No leaves taken; not enough leaves,DTB,,Y
QUBR_2022_0742,E,N/A,Y,N,AK,04/06/2024,No leaves taken; not enough leaves,DTB,,Y
QUBR_2022_0743,E,N/A,Y,N,AK,04/06/2024,No leaves taken; not enough leaves,DTB,,Y
QUBR_2022_0744,E,N/A,Y,N,AK,04/06/2024,No leaves taken; not enough leaves,DTB,,Y
QUBR_2022_0745,E,N/A,Y,Y,AK,04/06/2024,,DTB,,Y
QUBR_2022_0746,E,N/A,Y,N,AK,04/06/2024,No leaves taken; not enough leaves,DTB,,Y
QUBR_2022_0747,W,SDo,Y,Y,AK,04/06/2024,,DTB,,Y
QUBR_2022_0748,E,N/A,Y,Y,AK,04/06/2024,1 leaf taken,DTB,,Y
QUBR_2022_0749,E,N/A,Y,N,AK,04/06/2024,No leaves taken; not enough leaves,DTB,,Y
QUBR_2022_0750,E,N/A,Y,Y,AK,04/06/2024,1 leaf taken,DTB,,Y
QUBR_2022_0751,E,N/A,Y,Y,AK,04/06/2024,1 leaf taken,DTB,,Y
QUBR_2022_0752,E,N/A,Y,Y,AK,04/06/2024,,DTB,,Y
QUBR_2022_0753,E,N/A,Y,Y,AK,04/06/2024,,DTB,,Y
QUBR_2022_0754,E,N/A,Y,Y,AK,04/06/2024,,DTB,,Y
QUBR_2022_0755,E,N/A,Y,N,AK,04/06/2024,No leaves taken; not enough leaves,DTB,,Y
QUBR_2022_0756,E,N/A,Y,Y,AK,04/06/2024,,DTB,,Y
QUBR_2022_0757,E,N/A,Y,Y,AK,04/06/2024,,DTB,,Y
QUBR_2022_0758,E,N/A,Y,Y,AK,04/06/2024,,DTB,,Y
QUBR_2022_0759,E,N/A,Y,Y,AK,04/06/2024,,DTB,,Y
QUBR_2022_0760,E,SD,Y,N,AK,04/06/2024,No leaves taken; not enough leaves,DTB,,Y
QUBR_2022_0761,N,LM,Y,Y,AK,04/06/2024,1 leaf taken,DTB,,Y
QUBR_2022_0762,E,N/A,Y,Y,AK,04/06/2024,,DTB,,Y
QUBR_2022_0763,E,N/A,Y,Y,AK,04/06/2024,,DTB,,Y
QUBR_2022_0764,E,N/A,Y,N,AK,04/06/2024,No leaves taken; not enough leaves,DTB,,Y
QUBR_2022_0765,W,SDo,Y,Y,AK,04/06/2024,,DTB,,Y
QUBR_2022_0766,E,N/A,Y,Y,AK,04/06/2024,,DTB,,Y
QUBR_2022_0767,E,N/A,Y,Y,AK,04/06/2024,,DTB,,Y
QUBR_2022_0768,E,N/A,Y,N,AK,04/06/2024,No leaves taken; not enough leaves,DTB,,Y
QUBR_2022_0769,E,N/A,Y,Y,AK,04/06/2024,,DTB,,Y
QUBR_2022_0770,E,N/A,Y,Y,AK,04/06/2024,1 leaf taken,DTB,,Y
QUBR_2022_0771,E,N/A,Y,Y,AK,04/06/2024,,DTB,,Y
QUBR_2022_0772,E,N/A,Y,Y,AK,04/06/2024,,DTB,,Y
QUBR_2022_0773,E,N/A,Y,N,AK,04/06/2024,No leaves taken; not enough leaves,DTB,,Y
QUBR_2022_0774,E,N/A,Y,Y,AK,04/06/2024,,DTB,,Y
QUBR_2022_0775,E,N/A,Y,Y,AK,04/06/2024,,DTB,,Y
QUBR_2022_0776,E,N/A,Y,Y,AK,04/06/2024,1 leaf taken,DTB,,Y
QUBR_2022_0777,E,N/A,Y,Y,AK,04/06/2024,,DTB,,Y
QUBR_2022_0778,E,N/A,Y,Y,AK,04/06/2024,1 leaf taken,DTB,,Y
QUBR_2022_0779,E,N/A,Y,Y,AK,04/06/2024,1 leaf taken,DTB,,Y
QUBR_2022_0780,E,N/A,Y,Y,AK,04/06/2024,1 leaf taken,DTB,,Y
QUBR_2022_0781,E,N/A,Y,N,AK,04/06/2024,No leaves taken; not enough leaves,DTB,,Y
QUBR_2022_0782,E,N/A,Y,Y,AK,04/06/2024,,DTB,,Y
QUBR_2022_0783,E,N/A,Y,N,AK,04/06/2024,No leaves taken; not enough leaves,DTB,,Y
QUBR_2022_0784,E,N/A,Y,N,AK,04/06/2024,No leaves taken; not enough leaves,DTB,,Y
QUBR_2022_0785,E,N/A,Y,Y,AK,04/06/2024,1 leaf taken,DTB,,Y
QUBR_2022_0786,E,N/A,Y,Y,AK,04/06/2024,,DTB,,Y
QUBR_2022_0787,E,N/A,Y,Y,AK,04/06/2024,,DTB,,Y
QUBR_2022_0788,E,N/A,Y,Y,AK,04/06/2024,,DTB,,Y
QUBR_2022_0789,E,N/A,Y,Y,AK,04/06/2024,,DTB,,Y
QUBR_2022_0790,E,SD,Y,Y,AK,04/06/2024,1 leaf taken,DTB,,Y
QUBR_2022_0791,E,N/A,Y,Y,AK,04/06/2024,1 leaf taken,DTB,,Y
QUBR_2022_0792,E,N/A,Y,Y,AK,04/06/2024,,DTB,,Y
QUBR_2022_0793,E,N/A,Y,Y,AK,04/06/2024,,DTB,,Y
QUBR_2022_0794,E,N/A,Y,Y,AK,04/06/2024,1 leaf taken,DTB,,Y
QUBR_2022_0795,E,N/A,Y,Y,AK,04/06/2024,1 leaf taken,DTB,,Y
QUBR_2022_0796,E,N/A,Y,Y,AK,04/06/2024,1 leaf taken,DTB,,Y
QUBR_2022_0797,E,N/A,Y,Y,AK,04/06/2024,1 leaf taken,DTB,,Y
QUBR_2022_0798,E,N/A,Y,Y,AK,04/06/2024,1 leaf taken,DTB,,Y
QUBR_2022_0799,E,N/A,Y,Y,AK,04/06/2024,1 leaf taken,DTB,,Y
QUBR_2022_0800,N,LM,Y,Y,AK,04/06/2024,,DTB,,Y
QUBR_2022_0801,E,N/A,Y,Y,AK,04/06/2024,1 leaf taken,DTB,,Y
QUBR_2022_0802,E,N/A,Y,Y,AK,04/06/2024,1 leaf taken,DTB,,Y
QUBR_2022_0803,E,N/A,Y,N,AK,04/06/2024,No leaves taken; not enough leaves,DTB,,Y
QUBR_2022_0804,E,N/A,Y,Y,AK,04/06/2024,,DTB,,Y
QUBR_2022_0805,E,N/A,Y,Y,AK,04/06/2024,1 leaf taken,DTB,,Y
QUBR_2022_0806,E,N/A,Y,Y,AK,04/06/2024,,DTB,,Y
QUBR_2022_0807,W,N/A,Y,Y,AK,04/06/2024,,DTB,,Y
QUBR_2022_0808,W,SDo,Y,N,AK,04/06/2024,No leaves taken; not enough leaves,DTB,,Y
QUBR_2022_0809,W,N/A,Y,Y,AK,04/06/2024,,DTB,,Y
QUBR_2022_0810,W,N/A,Y,N,AK,04/06/2024,No leaves taken; not enough leaves,DTB,,Y
QUBR_2022_0811,E,N/A,Y,Y,AK,04/06/2024,,DTB,,Y
QUBR_2022_0812,E,N/A,Y,Y,AK,04/06/2024,1 leaf taken,DTB,,Y
QUBR_2022_0813,E,N/A,Y,N,AK,04/06/2024,No leaves taken; not enough leaves,DTB,,Y
QUBR_2022_0814,E,N/A,Y,Y,AK,04/06/2024,1 leaf taken,DTB,,Y
QUBR_2022_0815,E,N/A,Y,Y,AK,04/06/2024,1 leaf taken,DTB,,Y
QUBR_2022_0816,E,N/A,Y,Y,AK,04/06/2024,,DTB,,Y
QUBR_2022_0817,W,SDo,Y,Y,AK,04/06/2024,1 leaf taken,DTB,,Y
QUBR_2022_0818,N,N/A,Y,Y,AK,04/06/2024,,DTB,,Y
QUBR_2022_0819,N,N/A,Y,Y,AK,04/06/2024,,DTB,,Y
QUBR_2022_0820,E,SD,Y,N,AK,04/06/2024,No leaves taken; not enough leaves,DTB,,Y
QUBR_2022_0821,N,N/A,Y,Y,AK,04/06/2024,1 leaf taken,DTB,,Y
QUBR_2022_0822,N,N/A,Y,Y,AK,04/06/2024,1 leaf taken,DTB,,Y
QUBR_2022_0823,E,SD,Y,Y,AK,04/06/2024,1 leaf taken,DTB,,Y
QUBR_2022_0824,N,N/A,Y,Y,AK,04/06/2024,1 leaf taken,DTB,,Y
QUBR_2022_0825,N,N/A,Y,Y,AK,04/06/2024,,DTB,,Y
QUBR_2022_0826,E,N/A,Y,Y,AK,04/06/2024,1 leaf taken,DTB,,Y
QUBR_2022_0827,E,N/A,Y,Y,AK,04/06/2024,,DTB,,Y
QUBR_2022_0828,E,N/A,Y,Y,AK,04/06/2024,,DTB,,Y
QUBR_2022_0829,E,N/A,Y,Y,AK,04/06/2024,1 leaf taken,DTB,,Y
QUBR_2022_0830,N,N/A,Y,Y,AK,04/06/2024,,DTB,,Y
QUBR_2022_0831,N,LM,Y,Y,AK,04/06/2024,1 leaf taken,DTB,,Y
QUBR_2022_0832,N,LM,Y,N,AK,04/06/2024,No leaves taken; not enough leaves,DTB,,Y
QUBR_2022_0833,E,N/A,Y,Y,AK,04/06/2024,1 leaf taken,DTB,,Y
QUBR_2022_0834,W,N/A,Y,N,AK,04/07/2024,No leaves taken; not enough leaves,DTB,,Y
QUBR_2022_0835,N,N/A,Y,N,AK,04/07/2024,No leaves taken; not enough leaves,DTB,,Y
QUBR_2022_0836,E,N/A,Y,N,AK,04/07/2024,No leaves taken; not enough leaves,DTB,,Y
QUBR_2022_0837,W,N/A,Y,N,AK,04/07/2024,No leaves taken; not enough leaves,DTB,,Y
QUBR_2022_0838,W,SDo,Y,Y,AK,04/07/2024,1 leaf taken,DTB,,Y
QUBR_2022_0839,E,SD,Y,Y,AK,04/07/2024,1 leaf taken,DTB,,Y
QUBR_2022_0840,N,LM,Y,Y,AK,04/07/2024,,DTB,,Y
QUBR_2022_0841,E,N/A,Y,Y,AK,04/07/2024,,DTB,,Y
QUBR_2022_0842,E,SD,Y,Y,AK,04/07/2024,1 leaf taken,DTB,,Y
QUBR_2022_0843,E,N/A,Y,Y,AK,04/07/2024,1 leaf taken,DTB,,Y
QUBR_2022_0844,E,N/A,Y,Y,AK,04/07/2024,1 leaf taken,DTB,,Y
QUBR_2022_0845,E,N/A,Y,Y,AK,04/07/2024,1 leaf taken,DTB,,Y
QUBR_2022_0846,E,N/A,Y,Y,AK,04/07/2024,,DTB,,Y
QUBR_2022_0847,E,N/A,Y,Y,AK,04/07/2024,,DTB,,Y
QUBR_2022_0848,E,N/A,Y,Y,AK,04/07/2024,,DTB,,Y
QUBR_2022_0849,E,N/A,Y,Y,AK,04/07/2024,,DTB,,Y
QUBR_2022_0850,E,N/A,Y,Y,AK,04/07/2024,,DTB,,Y
QUBR_2022_0851,N,LM,Y,Y,AK,04/07/2024,1 leaf taken,DTB,,Y
QUBR_2022_0852,W,LB,Y,Y,AK,04/07/2024,,DTB,,Y
QUBR_2022_0853,N,LM,Y,Y,AK,04/07/2024,1 leaf taken,DTB,,Y
QUBR_2022_0854,N,LM,Y,Y,AK,04/07/2024,,DTB,,Y
QUBR_2022_0855,N,LM,Y,Y,AK,04/07/2024,,DTB,,Y
QUBR_2022_0856,N,N/A,Y,Y,AK,04/07/2024,,DTB,,Y
QUBR_2022_0857,W,N/A,Y,Y,AK,04/07/2024,,DTB,,Y
QUBR_2022_0858,E,N/A,Y,Y,AK,04/07/2024,,DTB,,Y
QUBR_2022_0859,N,N/A,Y,Y,AK,04/07/2024,,DTB,,Y
QUBR_2022_0860,E,N/A,Y,Y,AK,04/07/2024,1 leaf taken,DTB,,Y
QUBR_2022_0861,E,SD,Y,Y,AK,04/07/2024,,DTB,,Y
QUBR_2022_0862,W,SDo,Y,Y,AK,04/07/2024,,DTB,,Y
QUBR_2022_0863,N,N/A,Y,Y,AK,04/07/2024,1 leaf taken,DTB,,Y
QUBR_2022_0864,N,N/A,Y,Y,AK,04/07/2024,,DTB,,Y
QUBR_2022_0865,N,N/A,Y,Y,AK,04/07/2024,Impromptu stake!,DTB,I'm not sure what this comment is about,Y
QUBR_2022_0866,N,N/A,Y,Y,AK,04/07/2024,,DTB,,Y
QUBR_2022_0867,E,N/A,Y,N,AK,04/07/2024,No leaves collected' not enough leaves,DTB,,Y
QUBR_2022_0868,E,N/A,Y,Y,AK,04/07/2024,,DTB,,Y
QUBR_2022_0869,E,N/A,Y,Y,AK,04/07/2024,1 leaf taken,DTB,,Y
QUBR_2022_0870,E,N/A,Y,Y,AK,04/07/2024,,DTB,,Y
QUBR_2022_0871,E,N/A,Y,Y,AK,04/07/2024,1 leaf taken,DTB,,Y
QUBR_2022_0872,E,N/A,Y,Y,AK,04/07/2024,,DTB,,Y
QUBR_2022_0873,E,N/A,Y,Y,AK,04/07/2024,,DTB,,Y
QUBR_2022_0874,E,N/A,Y,Y,AK,04/07/2024,,DTB,,Y
QUBR_2022_0875,N,N/A,Y,Y,AK,04/07/2024,,DTB,,Y
QUBR_2022_0876,N,N/A,Y,Y,AK,04/07/2024,,DTB,,Y
QUBR_2022_0877,N,N/A,Y,Y,AK,04/07/2024,3 leaves taken,DTB,,Y
QUBR_2022_0878,N,N/A,Y,Y,AK,04/07/2024,,DTB,,Y
QUBR_2022_0879,E,N/A,Y,Y,AK,04/07/2024,,DTB,,Y
QUBR_2022_0880,E,N/A,Y,Y,AK,04/07/2024,,DTB,,Y
QUBR_2022_0881,E,N/A,Y,Y,AK,04/07/2024,,DTB,,Y
QUBR_2022_0882,E,N/A,Y,Y,AK,04/07/2024,1 leaf taken,DTB,,Y
QUBR_2022_0883,E,N/A,Y,Y,AK,04/07/2024,,DTB,,Y
QUBR_2022_0884,E,N/A,Y,Y,AK,04/07/2024,,DTB,,Y
QUBR_2022_0885,E,N/A,Y,Y,AK,04/07/2024,,DTB,,Y
QUBR_2022_0886,E,N/A,Y,Y,AK,04/07/2024,,DTB,,Y
QUBR_2022_0887,E,N/A,Y,Y,AK,04/07/2024,1 leaf taken,DTB,,Y
QUBR_2022_0888,E,N/A,Y,Y,AK,04/07/2024,,DTB,,Y
QUBR_2022_0889,N,LC,Y,Y,AK,04/07/2024,,DTB,,Y
QUBR_2022_0890,N,N/A,Y,Y,AK,04/07/2024,,DTB,,Y
QUBR_2022_0891,W,SDo,Y,Y,AK,04/07/2024,,DTB,,Y
QUBR_2022_0892,W,SDo,Y,Y,AK,04/07/2024,Small leaves,DTB,,Y
QUBR_2022_0893,N,LM,Y,Y,AK,04/07/2024,,DTB,,Y
QUBR_2022_0894,E,N/A,Y,Y,AK,04/07/2024,1 leaf taken,DTB,,Y
QUBR_2022_0895,E,N/A,Y,Y,AK,04/07/2024,,DTB,,Y
QUBR_2022_0896,E,N/A,Y,Y,AK,04/07/2024,,DTB,,Y
QUBR_2022_0897,N,LC,Y,Y,AK,04/07/2024,,DTB,,Y
QUBR_2022_0898,E,N/A,Y,Y,AK,04/07/2024,,DTB,,Y
QUBR_2022_0899,E,N/A,Y,Y,AK,04/07/2024,,DTB,,Y
QUBR_2022_0900,N,LC,Y,Y,AK,04/07/2024,,DTB,,Y
QUBR_2022_0901,N,LC,Y,Y,AK,04/07/2024,,DTB,,Y
QUBR_2022_0902,N,N/A,Y,Y,AK,04/07/2024,,DTB,,Y
QUBR_2022_0903,N,LC,Y,Y,AK,04/07/2024,1.5 leaves collected,DTB,,Y
QUBR_2022_0904,N,LM,Y,N,AK,04/07/2024,No leaves collected; too small,DTB,,Y
QUBR_2022_0905,N,N/A,Y,Y,AK,04/07/2024,,DTB,,Y
QUBR_2022_0906,N,LM,Y,Y,AK,04/07/2024,,DTB,,Y
QUBR_2022_0907,N,N/A,Y,Y,AK,04/07/2024,,DTB,,Y
QUBR_2022_0908,N,N/A,Y,Y,AK,04/07/2024,,DTB,,Y
QUBR_2022_0909,N,LM,Y,N,AK,04/07/2024,,DTB,,Y
QUBR_2022_0910,N,LC,Y,Y,AK,04/07/2024,3 leaves collected,DTB,,Y
QUBR_2022_0911,N,LC,Y,Y,AMH,04/06/2024,,DTB,,Y
QUBR_2022_0912,E,N/A,Y,Y,AMH,04/06/2024,1 leaf collected,DTB,,Y
QUBR_2022_0913,N,LM,Y,Y,AMH,04/06/2024,1 leaf collected; small leaves,DTB,,Y
QUBR_2022_0914,E,N/A,Y,Y,AMH,04/06/2024,,DTB,,Y
QUBR_2022_0915,E,N/A,Y,Y,AMH,04/06/2024,,DTB,,Y
QUBR_2022_0916,E,N/A,Y,N,AMH,04/06/2024,No leaves collected; too small,DTB,,Y
QUBR_2022_0917,W,SDo?,Y,Y,AMH,04/06/2024,1.5 leaves collected,DTB,,Y
QUBR_2022_0918,E,N/A,Y,Y,AMH,04/06/2024,,DTB,,Y
QUBR_2022_0919,E,N/A,Y,Y,AMH,04/06/2024,2 leaves collected; small leaves,DTB,,Y
QUBR_2022_0920,E,N/A,Y,Y,AMH,04/06/2024,,DTB,,Y
QUBR_2022_0921,E,N/A,Y,Y,AMH,04/06/2024,2 leaves collected; small leaves,DTB,,Y
QUBR_2022_0922,E,N/A,Y,N,AMH,04/06/2024,No leaves collected; too small,DTB,,Y
QUBR_2022_0923,E,N/A,Y,Y,AMH,04/06/2024,1 leaf collected; small leaves,DTB,,Y
QUBR_2022_0924,E,N/A,Y,N,AMH,04/06/2024,No leaves collected; too small,DTB,,Y
QUBR_2022_0925,E,N/A,Y,Y,AMH,04/06/2024,,DTB,,Y
QUBR_2022_0926,W,SDo,Y,Y,AMH,04/06/2024,,DTB,,Y
QUBR_2022_0927,N,LM,Y,Y,AMH,04/06/2024,,DTB,,Y
QUBR_2022_0928,E,N/A,Y,Y,AMH,04/06/2024,,DTB,,Y
QUBR_2022_0929,N,LM,Y,Y,AMH,04/06/2024,,DTB,,Y
QUBR_2022_0930,E,N/A,Y,N,AMH,04/06/2024,No leaves collected; too small,DTB,,Y
QUBR_2022_0931,E,N/A,Y,Y,AMH,04/06/2024,1 leaf collected; small leaves,DTB,,Y
QUBR_2022_0932,E,N/A,Y,Y,AMH,04/06/2024,,DTB,,Y
QUBR_2022_0933,E,N/A,Y,N,AMH,04/06/2024,No leaves collected; too small,DTB,,Y
QUBR_2022_0934,E,N/A,Y,Y,AMH,04/06/2024,,DTB,,Y
QUBR_2022_0935,N,N/A,Y,Y,AMH,04/06/2024,,DTB,,Y
QUBR_2022_0936,N,LC,Y,Y,AMH,04/06/2024,1 leaf collected,DTB,,Y
QUBR_2022_0937,E,SD,Y,N,AMH,04/06/2024,1 leaf collected; small leaves,DTB,,Y
QUBR_2022_0938,E,N/A,Y,Y,AMH,04/06/2024,1.5 leaves collected,DTB,,Y
QUBR_2022_0939,E,N/A,Y,N,AMH,04/06/2024,No leaves collected; too small,DTB,,Y
QUBR_2022_0940,E,N/A,Y,N,AMH,04/06/2024,No leaves collected; too small,DTB,,Y
QUBR_2022_0941,E,N/A,Y,N,AMH,04/06/2024,No leaves collected; too small,DTB,,Y
QUBR_2022_0942,E,N/A,Y,Y,AMH,04/06/2024,,DTB,,Y
QUBR_2022_0943,E,N/A,Y,N,AMH,04/06/2024,No leaves collected; too small,DTB,,Y
QUBR_2022_0944,N,LM,Y,Y,AMH,04/06/2024,1 leaf collected,DTB,,Y
QUBR_2022_0945,E,N/A,Y,Y,AMH,04/06/2024,,DTB,,Y
QUBR_2022_0946,E,N/A,Y,Y,AMH,04/06/2024,,DTB,,Y
QUBR_2022_0947,E,N/A,Y,Y,AMH,04/06/2024,1.5 leaves collected,DTB,,Y
QUBR_2022_0948,E,N/A,Y,Y,AMH,04/06/2024,1 leaf collected,DTB,,Y
QUBR_2022_0949,E,N/A,Y,N,AMH,04/06/2024,No leaves collected; too small,DTB,,Y
QUBR_2022_0950,E,N/A,Y,N,AMH,04/06/2024,No leaves collected; too small,DTB,,Y
QUBR_2022_0951,E,N/A,Y,Y,AMH,04/06/2024,,DTB,,Y
QUBR_2022_0952,W,LB,Y,Y,AMH,04/06/2024,1.5 leaves collected,DTB,,Y
QUBR_2022_0953,N,N/A,Y,Y,AMH,04/06/2024,,DTB,,Y
QUBR_2022_0954,E,N/A,Y,Y,AMH,04/06/2024,,DTB,,Y
QUBR_2022_0955,E,N/A,Y,Y,AMH,04/06/2024,1 leaf collected,DTB,,Y
QUBR_2022_0956,N,N/A,Y,Y,AMH,04/06/2024,,DTB,,Y
QUBR_2022_0957,N,N/A,Y,Y,AMH,04/06/2024,1 leaf collected; small leaves,DTB,,Y
QUBR_2022_0958,N,N/A,Y,Y,AMH,04/06/2024,1 leaf collected; big leaves,DTB,,Y
QUBR_2022_0959,E,N/A,Y,Y,AMH,04/06/2024,,DTB,,Y
QUBR_2022_0960,E,N/A,Y,N,AMH,04/06/2024,No leaves collected; too small,DTB,,Y
QUBR_2022_0961,E,N/A,Y,N,AMH,04/06/2024,No leaves collected; too small,DTB,,Y
QUBR_2022_0962,E,N/A,Y,Y,AMH,04/06/2024,1 leaf taken; small leaves,DTB,,Y
QUBR_2022_0963,N,LM,Y,Y,AMH,04/06/2024,,DTB,,Y
QUBR_2022_0964,E,N/A,Y,Y,AMH,04/06/2024,,DTB,,Y
QUBR_2022_0965,N,LM,Y,Y,AMH,04/07/2024,,DTB,,Y
QUBR_2022_0966,E,SD,Y,Y,AMH,04/07/2024,,DTB,,Y
QUBR_2022_0967,E,N/A,Y,Y,AMH,04/07/2024,,DTB,,Y
QUBR_2022_0968,E,N/A,Y,Y,AMH,04/07/2024,1 leaf taken,DTB,,Y
QUBR_2022_0969,E,SD,Y,Y,AMH,04/07/2024,,DTB,,Y
QUBR_2022_0970,N,LC,Y,N,AMH,04/07/2024,No leaves taken; too small,DTB,,Y
QUBR_2022_0971,E,N/A,Y,N,AMH,04/07/2024,No leaves taken; too small,DTB,,Y
QUBR_2022_0972,E,N/A,Y,Y,AMH,04/07/2024,,DTB,,Y
QUBR_2022_0973,E,N/A,Y,N,AMH,04/07/2024,2 leaves taken; small leaves,DTB,,Y
QUBR_2022_0974,E,N/A,Y,Y,AMH,04/07/2024,1 leaf taken,DTB,,Y
QUBR_2022_0975,E,N/A,Y,Y,AMH,04/07/2024,1 leaf taken,DTB,,Y
QUBR_2022_0976,E,N/A,Y,Y,AMH,04/07/2024,,DTB,,Y
QUBR_2022_0977,E,N/A,Y,Y,AMH,04/07/2024,,DTB,,Y
QUBR_2022_0978,N,LM,Y,Y,AMH,04/07/2024,,DTB,,Y
QUBR_2022_0979,N,LM,Y,Y,AMH,04/07/2024,2 leaves taken; big leaves,DTB,,Y
QUBR_2022_0980,E,N/A,Y,Y,AMH,04/07/2024,1 leaf taken,DTB,Handwritten note on datasheet- 0980 and 0981 might be flipped (I'm not sure how we would confirm this but both had only 1 leaf collected each),Y
QUBR_2022_0981,E,SD,Y,Y,AMH,04/07/2024,1 leaf taken,DTB,,Y
QUBR_2022_0982,W,N/A,Y,Y,AMH,04/07/2024,,DTB,,Y
QUBR_2022_0983,N,LC,Y,N,AMH,04/07/2024,No leaves taken; too small,DTB,,Y
QUBR_2022_0984,N,LM,Y,Y,AMH,04/07/2024,1 leaf taken,DTB,,Y
QUBR_2022_0985,E,SD,Y,Y,AMH,04/07/2024,1 leaf taken,DTB,,Y
QUBR_2022_0986,W,LB,Y,Y,AMH,04/07/2024,,DTB,,Y
QUBR_2022_0987,N,LM,Y,Y,AMH,04/07/2024,1 leaf taken; small leaves,DTB,,Y
QUBR_2022_0988,? maybe W,N/A,Y,N,AMH,04/07/2024,No leaves taken; too small,DTB,Region unclear- labeled '? maybe W',Y
QUBR_2022_0989,E,EC,Y,Y,AMH,04/07/2024,1 leaf taken,DTB,,Y
QUBR_2022_0990,N,LM,Y,Y,AMH,04/07/2024,,DTB,,Y
QUBR_2022_0991,E,N/A,Y,N,AMH,04/07/2024,No leaves taken; too small,DTB,,Y
QUBR_2022_0992,E,N/A,Y,Y,AMH,04/07/2024,1 leaf taken; small leaves,DTB,,Y
QUBR_2022_0993,N,LM,Y,Y,AMH,04/07/2024,,DTB,,Y
QUBR_2022_0994,E,N/A,Y,Y,AMH,04/07/2024,,DTB,,Y
QUBR_2022_0995,E,N/A,Y (stick),Y,AMH,04/07/2024,,DTB,,Y
QUBR_2022_0996,N,EC,Y (stick),Y,AMH,04/07/2024,,DTB,Region and Site codes do not match up (N and EC),Y
QUBR_2022_0997,N,N/A,Y (stick),N,AMH,04/07/2024,No leaves taken; too small,DTB,,Y
QUBR_2022_0998,E,SD,Y (stick),Y,AMH,04/07/2024,1 leaf taken,DTB,,Y
QUBR_2022_0999,N,N/A,Y,Y,AMH,04/07/2024,,DTB,,Y
QUBR_2022_1000,N,N/A,Y,Y,AMH,04/07/2024,,DTB,,Y
QUBR_2022_1001,N,LM,Y (stick),Y,AMH,04/07/2024,,DTB,,Y
QUBR_2022_1002,N,EC,Y (stick),Y,AMH,04/07/2024,,DTB,Region and Site codes do not match up (N and EC),Y
QUBR_2022_1003,E,N/A,Y (stick),Y,AMH,04/07/2024,,DTB,,Y
QUBR_2022_1004,E,SD,Y (stick),Y,AMH,04/07/2024,1 leaf collected,DTB,,Y
QUBR_2022_1005,E,N/A,Y (stick),Y,AMH,04/07/2024,3 leaves collected,DTB,,Y
QUBR_2022_1006,E,SD,Y (stick),Y,AMH,04/07/2024,,DTB,,Y
QUBR_2022_1007,E,N/A,Y (stick),Y,AMH,04/07/2024,1 leaf collected,DTB,,Y
QUBR_2022_1008,N,N/A,Y (stick),N,AMH,04/07/2024,No leaves collected; too small,DTB,,Y
QUBR_2022_1009,E,EC,Y (stick),Y,AMH,04/07/2024,,DTB,,Y
QUBR_2022_1010,E,N/A,Y (stick),Y,AMH,04/07/2024,,DTB,,Y
QUBR_2022_1011,E,EC,Y (stick),Y,AMH,04/07/2024,,DTB,,Y
QUBR_2022_1012,W,SDo?,Y (stick),Y,AMH,04/07/2024,1 leaf collected,DTB,Site code was questionable (written as 'SDo?'),Y
QUBR_2022_1013,W,SDo,Y (stick),Y,AMH,04/07/2024,,DTB,,Y
QUBR_2022_1014,W,N/A,Y (stick),Y,AMH,04/07/2024,1 leaf collected,DTB,,Y
QUBR_2022_1015,E,SD,Y (stick),Y,AMH,04/07/2024,,DTB,,Y
QUBR_2022_1016,N,N/A,Y,N,AMH,04/07/2024,No leaves collected; too small,DTB,,Y
QUBR_2022_1017,N,N/A,Y,Y,AMH,04/07/2024,1 leaf collected,DTB,,Y
QUBR_2022_1018,N,LM,Y,Y,AMH,04/07/2024,2 leaves collected; small leaves,DTB,,Y
QUBR_2022_1019,N,EC,Y,Y,AMH,04/07/2024,,DTB,Region and Site codes do not match up (N and EC),Y
QUBR_2022_1020,W,SDo,Y,Y,AMH,04/07/2024,1 leaf collected,DTB,,Y
QUBR_2022_1021,N,LM,Y,Y,AMH,04/07/2024,1 leaf collected,DTB,,Y
QUBR_2022_1022,E,EC,Y,Y,AMH,04/07/2024,1 leaf collected,DTB,,Y
QUBR_2022_1023,N,N/A,Y,Y,AMH,04/07/2024,,DTB,,Y
QUBR_2022_1024,E,EC,Y,Y,AMH,04/07/2024,,DTB,,Y
QUBR_2022_1025,N,N/A,Y,Y,AMH,04/07/2024,,DTB,,Y
QUBR_2022_1026,E,EC,Y,Y,AMH,04/07/2024,1 leaf collected; small leaves,DTB,,Y
QUBR_2022_1027,N,N/A,Y,Y,AMH,04/07/2024,2 leaves collected; big leaves,DTB,,Y
QUBR_2022_1028,N,N/A,Y,Y,AMH,04/07/2024,,DTB,,Y
QUBR_2022_1029,E,N/A,Y,Y,AMH,04/07/2024,1 leaf collected; small leaves,DTB,,Y
QUBR_2022_1030,E,N/A,Y,Y,AMH,04/07/2024,1 leaf collected; small leaves,DTB,,Y
QUBR_2022_1031,E,N/A,Y,Y,AMH,04/07/2024,1 leaf collected; small leaves,DTB,,Y
QUBR_2022_1032,E,N/A,Y,Y,AMH,04/07/2024,1 leaf collected,DTB,,Y
QUBR_2022_1033,N,LC,Y,N,AMH,04/07/2024,No leaves collected; too small,DTB,,Y
QUBR_2022_1034,N,LM,Y,Y,AMH,04/07/2024,,DTB,,Y
QUBR_2022_1035,E,EC,Y,N,AMH,04/07/2024,No leaves collected; too small,DTB,,Y
QUBR_2022_1036,N,N/A,Y,Y,AMH,04/07/2024,,DTB,,Y
QUBR_2022_1037,N,LM,Y,N,AMH,04/07/2024,No leaves collected; too small,DTB,,Y
QUBR_2022_1038,E,N/A,Y,N,AMH,04/07/2024,No leaves collected; too small,DTB,,Y
QUBR_2022_1039,E,SD,Y,Y,AMH,04/07/2024,,DTB,,Y
QUBR_2022_1040,E,N/A,Y,Y,AMH,04/07/2024,1 leaf collected; small leaves,DTB,,Y
QUBR_2022_1041,E,N/A,Y,Y,AMH,04/07/2024,,DTB,,Y
QUBR_2022_1042,E,N/A,Y,Y,AMH,04/07/2024,,DTB,,Y
QUBR_2022_1043,E,N/A,Y,Y,AMH,04/07/2024,,DTB,,Y
QUBR_2022_1044,E,N/A,Y,Y,AMH,04/07/2024,,DTB,,Y
QUBR_2022_1045,E,N/A,Y,Y,AMH,04/07/2024,,DTB,,Y
QUBR_2022_1046,E,N/A,Y,N,AMH,04/07/2024,No leaves collected; too small,DTB,,Y
QUBR_2022_1047,E,N/A,Y,Y,AMH,04/07/2024,1 leaf collected,DTB,,Y
QUBR_2022_1048,N,LC,Y,Y,AMH,04/07/2024,1 leaf collected; small leaves,DTB,,Y
QUBR_2022_1049,E,N/A,Y,Y,AMH,04/07/2024,,DTB,,Y
QUBR_2022_1050,E,N/A,Y,Y,AMH,04/07/2024,1 leaf collected; small leaves,DTB,,Y
QUBR_2022_1051,E,EC,Y,Y,AMH,04/07/2024,,DTB,,Y
QUBR_2022_1052,E,SD,Y,Y,AMH,04/07/2024,1 leaf collected,DTB,,Y
QUBR_2022_1053,W,N/A,Y,Y,AMH,04/08/2024,,DTB,,Y
QUBR_2022_1054,W,SDo,Y,Y,AMH,04/08/2024,,DTB,,Y
QUBR_2022_1055,W,N/A,Y,Y,AMH,04/08/2024,1 leaf collected,DTB,,Y
QUBR_2022_1056,E,N/A,Y,Y,AMH,04/08/2024,,DTB,,Y
QUBR_2022_1057,E,SD,Y,Y,AMH,04/08/2024,,DTB,,Y
QUBR_2022_1058,E,N/A,Y,Y,AMH,04/08/2024,1 leaf collected,DTB,,Y
QUBR_2022_1059,E,N/A,Y,Y,AMH,04/08/2024,1 leaf collected,DTB,,Y
QUBR_2022_1060,E,N/A,Y,Y,AMH,04/08/2024,1.5 leaves collected,DTB,,Y
QUBR_2022_1061,E,N/A,Y,N,AMH,04/08/2024,No leaves collected; too small,DTB,,Y
QUBR_2022_1062,E,N/A,Y,Y,AMH,04/08/2024,0.5 leaves collected,DTB,,Y
QUBR_2022_1063,N,LM,Y,Y,AMH,04/08/2024,1 leaf collected,DTB,,Y
QUBR_2022_1064,E,EC,Y,Y,AMH,04/08/2024,,DTB,,Y
QUBR_2022_1065,N,N/A,Y,Y,AMH,04/08/2024,,DTB,,Y
QUBR_2022_1066,E,N/A,Y,Y,AMH,04/08/2024,2 leaves collected; big leaves,DTB,,Y
QUBR_2022_1067,E,SD,Y,Y,AMH,04/08/2024,,DTB,,Y
QUBR_2022_1068,N,LM,Y,Y,AMH,04/08/2024,1 leaf collected,DTB,,Y
QUBR_2022_1069,E,N/A,Y,Y,AMH,04/08/2024,1 leaf collected,DTB,,Y
QUBR_2022_1070,E,N/A,Y,N,AMH,04/08/2024,No leaves collected; too small,DTB,,Y
QUBR_2022_1071,N,LC,Y,Y,AMH,04/08/2024,,DTB,,Y
QUBR_2022_1072,E,N/A,Y,Y,AMH,04/08/2024,1 leaf collected,DTB,,Y
QUBR_2022_1073,E,N/A,Y,Y,AMH,04/08/2024,,DTB,,Y
QUBR_2022_1074,E,N/A,Y,Y,AMH,04/08/2024,1 leaf collected,DTB,,Y
QUBR_2022_1075,E,N/A,Y,Y,AMH,04/08/2024,2 leaves collected; big leaves,DTB,,Y
QUBR_2022_1076,E,N/A,Y,Y,AMH,04/08/2024,1 leaf collected,DTB,,Y
QUBR_2022_1077,E,N/A,Y,Y,AMH,04/08/2024,1.5 leaves collected,DTB,,Y
QUBR_2022_1078,E,N/A,Y,Y,AMH,04/08/2024,,DTB,,Y
QUBR_2022_1079,E,N/A,Y,Y,AMH,04/08/2024,1.5 leaves collected,DTB,,Y
QUBR_2022_1080,E,N/A,Y,Y,AMH,04/08/2024,1.5 leaves collected,DTB,,Y
QUBR_2022_1081,W,SDo?,Y,Y,AMH,04/08/2024,1 leaf collected,DTB,Site code was questionable (written as 'SDo?'),Y
QUBR_2022_1082,W,N/A,Y,Y,AMH,04/08/2024,,DTB,,Y
QUBR_2022_1083,E,N/A,Y,Y,AMH,04/08/2024,2 leaves collected; small leaves,DTB,,Y
QUBR_2022_1084,E,N/A,Y,Y,AMH,04/08/2024,,DTB,,Y
QUBR_2022_1085,E,N/A,Y,Y,AMH,04/08/2024,1 leaf collected,DTB,,Y
QUBR_2022_1086,E,N/A,Y,Y,AMH,04/08/2024,,DTB,,Y
QUBR_2022_1087,E,N/A,Y,Y,AMH,04/08/2024,,DTB,,Y
QUBR_2022_1088,E,EC,Y,Y,AMH,04/08/2024,1 leaf collected,DTB,,Y
QUBR_2022_1089,E,N/A,Y,Y,AMH,04/08/2024,,DTB,,Y
QUBR_2022_1090,E,N/A,Y,Y,AMH,04/08/2024,1 leaf collected,DTB,,Y
QUBR_2022_1091,E,N/A,Y,Y,AMH,04/08/2024,2 leaves collected; big leaves,DTB,,Y
QUBR_2022_1092,E,N/A,Y,Y,AMH,04/08/2024,1 leaf collected,DTB,,Y
QUBR_2022_1093,E,N/A,Y,Y,AMH,04/08/2024,1 leaf collected; small leaves,DTB,,Y
QUBR_2022_1094,E,N/A,Y,Y,AMH,04/08/2024,,DTB,,Y
QUBR_2022_1095,E,N/A,Y,Y,AMH,04/08/2024,1 leaf collected,DTB,,Y
QUBR_2022_1096,E,N/A,Y,Y,AMH,04/08/2024,1 leaf collected,DTB,,Y
QUBR_2022_1097,N,LM,Y,Y,AMH,04/08/2024,2 leaves collected; small leaves,DTB,,Y
QUBR_2022_1098,E,N/A,Y,Y,AMH,04/08/2024,,DTB,,Y
QUBR_2022_1099,E,N/A,Y,Y,AMH,04/08/2024,1 leaf collected,DTB,,Y
QUBR_2022_1100,N,LM,Y,Y,AMH,04/08/2024,,DTB,,Y
QUBR_2022_1101,E,EC,Y,Y,AMH,04/08/2024,,DTB,,Y
QUBR_2022_1102,W,N/A,Y,Y,AMH,04/08/2024,,DTB,,Y
QUBR_2022_1103,E,SD,Y,Y,AMH,04/08/2024,,DTB,,Y
QUBR_2022_1104,N,LC,Y,Y,AMH,04/08/2024,1 leaf collected; big plant but bad leaves,DTB,,Y
QUBR_2022_1105,N,LC,Y,Y,AMH,04/08/2024,2 leaves collected; small leaves,DTB,,Y
QUBR_2022_1106,E,SD,Y,Y,AMH,04/08/2024,2 leaves collected; small leaves,DTB,,Y
QUBR_2022_1107,E,N/A,Y,Y,AMH,04/08/2024,1 leaf taken,DTB,,Y
QUBR_2022_1108,N,N/A,Y,Y,AMH,04/08/2024,3 leaves taken; small leaves,DTB,,Y
QUBR_2022_1109,N,LM,Y,Y,AMH,04/08/2024,1 leaf taken,DTB,,Y
QUBR_2022_1110,E,N/A,Y,Y,AMH,04/08/2024,1 leaf taken,DTB,,Y
QUBR_2022_1111,E,N/A,Y,Y,AMH,04/08/2024,,DTB,,Y
QUBR_2022_1112,E,N/A,Y,Y,AMH,04/08/2024,,DTB,,Y
QUBR_2022_1113,E,N/A,Y,Y,AMH,04/08/2024,1.5 leaves taken,DTB,,Y
QUBR_2022_1114,E,N/A,Y,N,AMH,04/08/2024,No leaves taken; too small,DTB,,Y
QUBR_2022_1115,E,N/A,Y,Y,AMH,04/08/2024,,DTB,,Y
QUBR_2022_1116,E,N/A,Y,Y,AMH,04/08/2024,,DTB,,Y
QUBR_2022_1117,N,LC,Y,Y,AMH,04/08/2024,,DTB,,Y
QUBR_2022_1118,E,N/A,Y,Y,AMH,04/08/2024,,DTB,,Y
QUBR_2022_1119,E,N/A,Y,Y,AMH,04/08/2024,,DTB,,Y
QUBR_2022_1120,E,N/A,Y,Y,AMH,04/08/2024,,DTB,,Y
QUBR_2022_1121,E,N/A,Y,Y,AMH,04/08/2024,2 leaves taken; big leaves,DTB,,Y
QUBR_2022_1122,E,N/A,Y,Y,AMH,04/08/2024,2 leaves taken; big leaves,DTB,,Y
QUBR_2022_1123,N,LM,Y,Y,AMH,04/08/2024,1 leaf taken,DTB,,Y
QUBR_2022_1124,E,N/A,Y,Y,AMH,04/08/2024,,DTB,,Y
QUBR_2022_1125,N,LC,Y,Y,AMH,04/08/2024,1 leaf taken,DTB,,Y
QUBR_2022_1126,E,N/A,Y,Y,AMH,04/08/2024,,DTB,,Y
QUBR_2022_1127,E,N/A,Y,Y,AMH,04/08/2024,,DTB,,Y
,,,,,,,,,No datasheets scanned for 1128-1149,
QUBR_2022_1150,E,N/A,Y (stick),Y,AK,04/07/2024,1 leaf collected,DTB,,Y
QUBR_2022_1151,E,N/A,Y (stick),Y,AK,04/07/2024,1 leaf collected,DTB,,Y
QUBR_2022_1152,E,N/A,Y (stick),Y,AK,04/07/2024,,DTB,,Y
QUBR_2022_1153,E,N/A,Y (stick),Y,AK,04/07/2024,,DTB,,Y
QUBR_2022_1154,W,N/A,Y (stick),Y,AK,04/07/2024,1 leaf collected,DTB,,Y
QUBR_2022_1155,N,LM,Y (stick),Y,AK,04/07/2024,,DTB,,Y
QUBR_2022_1156,E,SD,Y (stick),Y,AK,04/07/2024,,DTB,,Y
QUBR_2022_1157,N,LM,Y (stick),Y,AK,04/07/2024,,DTB,,Y
QUBR_2022_1158,W,N/A,Y (stick),Y,AK,04/07/2024,,DTB,,Y
QUBR_2022_1159,W,N/A,Y (stick),Y,AK,04/07/2024,1 leaf collected,DTB,,Y
QUBR_2022_1160,W,N/A,Y (stick),Y,AK,04/07/2024,1 leaf collected,DTB,,Y
QUBR_2022_1161,N,N/A,Y (stick),Y,AK,04/07/2024,,DTB,,Y
QUBR_2022_1162,W,N/A,Y (stick),N,AK,04/07/2024,No leaves collected; not enough leaves,DTB,,Y
QUBR_2022_1163,W,N/A,Y (stick),Y,AK,04/07/2024,,DTB,,Y
QUBR_2022_1164,W,N/A,Y (stick),Y,AK,04/07/2024,,DTB,,Y
QUBR_2022_1165,E,N/A,Y (stick),Y,AK,04/07/2024,,DTB,,Y
QUBR_2022_1166,W,N/A,Y (stick),Y,AK,04/07/2024,,DTB,,Y
QUBR_2022_1167,E,N/A,Y (stick),Y,AK,04/07/2024,,DTB,,Y
QUBR_2022_1168,W,N/A,Y (stick),Y,AK,04/07/2024,,DTB,,Y
QUBR_2022_1169,W,N/A,Y (stick),Y,AK,04/07/2024,,DTB,,Y
QUBR_2022_1170,W,N/A,Y (stick),Y,AK,04/07/2024,,DTB,,Y
QUBR_2022_1171,W,N/A,Y (stick),Y,AK,04/07/2024,,DTB,,Y
QUBR_2022_1172,W,N/A,Y (stick),Y,AK,04/07/2024,,DTB,,Y
QUBR_2022_1173,W,LB,Y (stick),Y,AK,04/07/2024,,DTB,,Y
QUBR_2022_1174,W,N/A,Y (stick),Y,AK,04/07/2024,,DTB,,Y
QUBR_2022_1175,N,N/A,Y (stick),Y,AK,04/07/2024,1 leaf collected,DTB,,Y
QUBR_2022_1176,E,EC,Y (stick),Y,AK,04/07/2024,,DTB,,Y
QUBR_2022_1177,E,EC,Y (stick),Y,AK,04/07/2024,,DTB,,Y
QUBR_2022_1178,N,N/A,Y (stick),Y,AK,04/07/2024,,DTB,,Y
QUBR_2022_1179,W,N/A,Y (stick),Y,AK,04/07/2024,,DTB,,Y
QUBR_2022_1180,E,N/A,Y (stick),Y,AK,04/07/2024,,DTB,,Y
QUBR_2022_1181,W,N/A,Y (stick),Y,AK,04/07/2024,,DTB,,Y
QUBR_2022_1182,W,N/A,Y (stick),N,AK,04/07/2024,No leaves collected; not enough leaves,DTB,,Y
QUBR_2022_1183,W,N/A,Y (stick),Y,AK,04/07/2024,1 leaf collected,DTB,,Y
QUBR_2022_1184,E,N/A,Y (stick),Y,AK,04/07/2024,,DTB,,Y
QUBR_2022_1185,E,EC,Y (stick),Y,AK,04/07/2024,,DTB,,Y
QUBR_2022_1186,E,SD,Y (stick),Y,AK,04/08/2024,,DTB,,Y
QUBR_2022_1187,E,EC,Y (stick),Y,AK,04/08/2024,,DTB,,Y
QUBR_2022_1188,E,N/A,Y (stick),Y,AK,04/08/2024,,DTB,,Y
QUBR_2022_1189,E,SD,Y (stick),Y,AK,04/08/2024,,DTB,,Y
QUBR_2022_1190,E,N/A,Y (stick),Y,AK,04/08/2024,,DTB,,Y
QUBR_2022_1191,E,EC,Y (stick),Y,AK,04/08/2024,,DTB,,Y
QUBR_2022_1192,E,N/A,Y (stick),N,AK,04/08/2024,No leaves collected; not enough leaves,DTB,,Y
QUBR_2022_1193,E,N/A,Y (stick),Y,AK,04/08/2024,,DTB,,Y
QUBR_2022_1194,E,N/A,Y (stick),Y,AK,04/08/2024,,DTB,,Y
QUBR_2022_1195,E,N/A,Y (stick),Y,AK,04/08/2024,,DTB,,Y
QUBR_2022_1196,N,N/A,Y (stick),Y,AK,04/08/2024,,DTB,,Y
QUBR_2022_1197,E,EC,Y (stick),Y,AK,04/08/2024,,DTB,,Y
QUBR_2022_1198,N,LM,Y (stick),Y,AK,04/08/2024,,DTB,,Y
QUBR_2022_1199,E,SD,Y (stick),Y,AK,04/08/2024,,DTB,,Y
QUBR_2022_1200,E,EC,Y (stick),Y,AK,04/08/2024,,DTB,,Y
QUBR_2022_1201,E,N/A,Y (stick),Y,AK,04/08/2024,,DTB,,Y
QUBR_2022_1202,W,N/A,Y (stick),Y,AK,04/08/2024,,DTB,,Y
QUBR_2022_1203,E,N/A,Y (stick),Y,AK,04/08/2024,1 leaf collected,DTB,,Y
QUBR_2022_1204,E,N/A,Y (stick),Y,AK,04/08/2024,1 leaf taken,DTB,,Y
QUBR_2022_1205,N,LM,Y (stick),Y,AK,04/08/2024,1 leaf taken,DTB,,Y
QUBR_2022_1206,N,LM,Y (stick),N,AK,04/08/2024,No leaves collected; not enough leaves,DTB,,Y
QUBR_2022_1207,W,N/A,Y (stick),Y,AK,04/08/2024,,DTB,,Y
QUBR_2022_1208,N,LM,Y (stick),Y,AK,04/08/2024,,DTB,,Y
QUBR_2022_1209,W,N/A,Y (stick),Y,AK,04/08/2024,,DTB,,Y
QUBR_2022_1210,W,N/A,Y (stick),Y,AK,04/08/2024,1 leaf taken,DTB,,Y
QUBR_2022_1211,W,N/A,Y (stick),Y,AK,04/08/2024,,DTB,,Y
QUBR_2022_1212,W,SDo,Y (stick),Y,AK,04/08/2024,,DTB,,Y
QUBR_2022_1213,N,N/A,Y (stick),Y,AK,04/08/2024,,DTB,,Y
QUBR_2022_1214,W,N/A,Y (stick),Y,AK,04/08/2024,,DTB,,Y
QUBR_2022_1215,W,N/A,Y (stick),Y,AK,04/08/2024,,DTB,,Y
QUBR_2022_1216,W,N/A,Y,Y,AK,04/08/2024,,DTB,,Y
QUBR_2022_1217,W,LB,Y,Y,AK,04/08/2024,,DTB,,Y
QUBR_2022_1218,W,N/A,Y,Y,AK,04/08/2024,,DTB,,Y
QUBR_2022_1219,W,N/A,Y,Y,AK,04/08/2024,,DTB,,Y
QUBR_2022_1220,N,LC,Y,Y,AK,04/08/2024,,DTB,,Y
QUBR_2022_1221,W,N/A,Y,Y,AK,04/08/2024,1 leaf taken,DTB,,Y
QUBR_2022_1222,E,N/A,Y,Y,AK,04/08/2024,,DTB,,Y
QUBR_2022_1223,W,LB,Y,Y,AK,04/08/2024,,DTB,,Y
QUBR_2022_1224,E,N/A,Y,Y,AK,04/08/2024,,DTB,,Y
QUBR_2022_1225,W,N/A,Y,Y,AK,04/08/2024,,DTB,,Y
QUBR_2022_1226,W,N/A,Y,Y,AK,04/08/2024,,DTB,,Y
QUBR_2022_1227,N,N/A,Y,Y,AK,04/08/2024,,DTB,,Y
QUBR_2022_1228,N,N/A,Y,Y,AK,04/08/2024,,DTB,,Y
QUBR_2022_1229,N,N/A,Y,Y,AK,04/08/2024,,DTB,,Y
QUBR_2022_1230,W,N/A,Y,Y,AK,04/08/2024,,DTB,,Y
QUBR_2022_1231,E,N/A,Y,Y,AK,04/08/2024,,DTB,,Y
QUBR_2022_1232,W,N/A,Y,Y,AK,04/08/2024,,DTB,,Y
QUBR_2022_1233,E,SD,Y,Y,AK,04/08/2024,,DTB,,Y
QUBR_2022_1234,E,N/A,Y,Y,AK,04/08/2024,,DTB,,Y
QUBR_2022_1235,E,N/A,Y,Y,AK,04/08/2024,,DTB,,Y
QUBR_2022_1236,W,N/A,Y,Y,AK,04/08/2024,1 leaf taken,DTB,,Y
QUBR_2022_1237,E,N/A,Y,Y,AK,04/08/2024,,DTB,,Y
QUBR_2022_1238,E,N/A,Y,Y,AK,04/08/2024,,DTB,,Y
QUBR_2022_1239,W,N/A,Y,Y,AK,04/08/2024,,DTB,,Y
QUBR_2022_1240,W,N/A,Y,Y,AK,04/08/2024,,DTB,,Y
QUBR_2022_1241,E,N/A,Y,Y,AK,04/08/2024,,DTB,,Y
QUBR_2022_1242,W,N/A,Y,Y,AK,04/08/2024,,DTB,,Y
QUBR_2022_1243,N,LC,Y,Y,AK,04/08/2024,,DTB,,Y
QUBR_2022_1244,W,N/A,Y,Y,AK,04/08/2024,,DTB,,Y
QUBR_2022_1245,N,LM,Y,Y,AK,04/08/2024,,DTB,,Y
QUBR_2022_1246,W,N/A,Y,Y,AK,04/08/2024,,DTB,,Y
QUBR_2022_1247,W,N/A,Y,Y,AK,04/08/2024,,DTB,,Y
QUBR_2022_1248,W,N/A,Y,Y,AK,04/08/2024,,DTB,,Y
QUBR_2022_1249,W,N/A,Y,Y,AK,04/08/2024,1 leaf taken,DTB,,Y
QUBR_2022_1250,N,N/A,Y,Y,AK,04/08/2024,large envelope (for Daniel),DTB,I'm not 100% sure this is what the note says,Y
QUBR_2022_1251,W,SDo,Y,Y,AK,04/08/2024,,DTB,,Y
QUBR_2022_1252,W,SDo,Y,Y,AK,04/08/2024,,DTB,,Y
QUBR_2022_1253A,E,N/A,Y,Y,AK,04/08/2024,,DTB,"Either 1253A or 1255B, accidentally named both 1253 when transferring samples to freezer :(",Y
QUBR_2022_1254,W,N/A,Y,Y,AK,04/08/2024,1 leaf taken,DTB,,Y
QUBR_2022_1253B,W,SDo,Y,Y,AK,04/08/2024,,DTB,"Either 1253A or 1255B, accidentally named both 1253 when transferring samples to freezer :(",Y
QUBR_2022_1256,W,N/A,Y,Y,AK,04/08/2024,,DTB,,Y
QUBR_2022_1257,E,N/A,Y,Y,AK,04/08/2024,,DTB,,Y
QUBR_2022_1258,W,N/A,Y,Y,AK,04/08/2024,,DTB,,Y
QUBR_2022_1259,W,N/A,Y,Y,AK,04/08/2024,,DTB,,Y
QUBR_2022_1260,W,N/A,Y,Y,AK,04/08/2024,1 leaf collected,DTB,,Y
QUBR_2022_1261,W,LB,Y,Y,AK,04/08/2024,,DTB,,Y
QUBR_2022_1262,W,N/A,Y,Y,AK,04/08/2024,1 leaf collected,DTB,,Y
QUBR_2022_1263,N,LC,Y,Y,AK,04/08/2024,,DTB,,Y
QUBR_2022_1264,W,N/A,Y,Y,AK,04/08/2024,,DTB,,Y
QUBR_2022_1265,W,N/A,Y,N,AK,04/08/2024,No leaves taken; not enough leaves,DTB,,Y
QUBR_2022_1266,W,N/A,Y,Y,AK,04/08/2024,,DTB,,Y
QUBR_2022_1267,W,N/A,Y,Y,AK,04/08/2024,,DTB,,Y
QUBR_2022_1268,N,LM,Y,Y,AK,04/08/2024,,DTB,,Y
,,,,,,,,,,
,,,,,,,,,,
,,,,,,,,,,
,,,,,,,,,,
,,,,,,,,,,
,,,,,,,,,,
,,,,,,,,,,
,,,,,,,,,,
,,,,,,,,,,
,,,,,,,,,,
,,,,,,,,,,
,,,,,,,,,,
,,,,,,,,,,
,,,,,,,,,,
,,,,,,,,,,
,,,,,,,,,,
,,,,,,,,,,
,,,,,,,,,,
,,,,,,,,,,
,,,,,,,,,,
,,,,,,,,,,
,,,,,,,,,,
,,,,,,,,,,
,,,,,,,,,,
,,,,,,,,,,
,,,,,,,,,,
,,,,,,,,,,
,,,,,,,,,,
,,,,,,,,,,
,,,,,,,,,,
,,,,,,,,,,
,,,,,,,,,,
,,,,,,,,,,
,,,,,,,,,,
,,,,,,,,,,
,,,,,,,,,,
,,,,,,,,,,
,,,,,,,,,,
,,,,,,,,,,
,,,,,,,,,,
,,,,,,,,,,
,,,,,,,,,,
,,,,,,,,,,
,,,,,,,,,,
,,,,,,,,,,
,,,,,,,,,,
,,,,,,,,,,
,,,,,,,,,,
,,,,,,,,,,
,,,,,,,,,,
,,,,,,,,,,
,,,,,,,,,,