Tree Conservation Biology (TCB) ID,QUBR_ID,Both paper labels transfered into bag?,Condition,Color,Weight,Comments,Transcriber comments,Transcribe Initials,Double checked?.x,Region,Site,Stake added?,Leaves taken?,Recorder_name,Date,Notes/comments,Transcriber Initials,Transcriber notes/comments,Double checked?.y
TCB-05329,QUBR_2022_0506,TRUE,Good,Green,0.207,NA,NA,DTB,TRUE,E,EC,Y,Y,AMH,04/06/2024,2 leaves taken; big leaves,DTB,NA,Y
TCB-05330,QUBR_2022_0113,TRUE,Good?,Green,0.314,white splotches,NA,DTB,TRUE,N,NA,Y,Y,AMH,04/04/2024,3 leaves taken,DTB,NA,Y
TCB-05336,QUBR_2022_0106,TRUE,Good?,Green,0.305,white splotches,NA,DTB,TRUE,N,NA,Y,Y,AMH,04/04/2024,NA,DTB,NA,Y
TCB-05338,QUBR_2022_0104,TRUE,Good,Green,0.298,NA,NA,DTB,TRUE,N,NA,Y,Y,AMH,04/04/2024,3 leaves taken,DTB,NA,Y
TCB-05342,QUBR_2022_0100,TRUE,Good?,Green,0.219,white splotches,NA,DTB,TRUE,N,NA,Y,Y,AMH,04/04/2024,3 leaves taken,DTB,NA,Y
TCB-05347,QUBR_2022_0095,TRUE,Good,Green,0.22,NA,NA,DTB,TRUE,N,NA,Y,Y,AMH,04/04/2024,NA,DTB,NA,Y
TCB-05355,QUBR_2022_0089,TRUE,Good,Green,0.211,NA,NA,DTB,TRUE,N,NA,Y,Y,AMH,04/04/2024,NA,DTB,NA,Y
TCB-05358,QUBR_2022_0080,TRUE,Good?,Green,0.336,white splotches,NA,DTB,TRUE,N,NA,Y,Y,AMH,04/04/2024,3 leaves taken,DTB,NA,Y
TCB-05364,QUBR_2022_0074,TRUE,Good?,Green,0.297,white splotches,NA,DTB,TRUE,N,NA,Y,Y,AMH,04/04/2024,3 leaves taken,DTB,NA,Y
TCB-05368,QUBR_2022_0072,TRUE,Good?,Green,0.299,white splotches,NA,DTB,TRUE,N,NA,Y,Y,AMH,04/04/2024,3 leaves taken,DTB,NA,Y
TCB-05369,QUBR_2022_0087,TRUE,Good,Green,0.228,NA,NA,DTB,TRUE,N,NA,Y,Y,AMH,04/04/2024,3 leaves taken,DTB,NA,Y
TCB-05379,QUBR_2022_0063,TRUE,Good?,Green,0.273,white splotches,NA,DTB,TRUE,N,NA,Y,Y,AMH,04/04/2024,2 leaves taken; 1 big leaf; 1 midsize leaf,DTB,NA,Y
TCB-05383,QUBR_2022_0061,TRUE,Good?,Green,0.356,white splotches,NA,DTB,TRUE,N,NA,Y,Y,AMH,04/04/2024,3 leaves taken; big leaves,DTB,NA,Y
TCB-05385,QUBR_2022_0059,TRUE,Good?,Green,0.247,white splotches; small brown dots,NA,DTB,TRUE,N,NA,Y,Y,AMH,04/04/2024,NA,DTB,NA,Y
TCB-05389,QUBR_2022_0054,TRUE,Good,Green,0.239,NA,NA,DTB,TRUE,N,NA,Y,Y,AMH,04/04/2024,3 leaves taken,DTB,NA,Y
TCB-05392,QUBR_2022_0051,TRUE,Good?,Green,0.473,white splotches,NA,DTB,TRUE,N,NA,Y,Y,AMH,04/04/2024,big leaves,DTB,NA,Y
TCB-05397,QUBR_2022_0047,TRUE,Good,Green,0.332,NA,NA,DTB,TRUE,N,NA,Y,Y,AMH,04/04/2024,3 leaves taken,DTB,NA,Y
TCB-05398,QUBR_2022_0046,TRUE,Good?,Green,0.227,white splotches,NA,DTB,TRUE,N,NA,Y,Y,AMH,04/04/2024,3 leaves taken; big leaves,DTB,NA,Y
TCB-05399,QUBR_2022_0044,TRUE,Good?,Green,0.263,white spots,NA,DTB,TRUE,N,NA,Y,Y,AMH,04/04/2024,3 leaves taken,DTB,NA,Y
TCB-05408,QUBR_2022_0034,TRUE,Good?,Green,0.214,dark brown spot on largest leaf,NA,DTB,TRUE,N,NA,Y,Y,AMH,04/04/2024,big leaves,DTB,NA,Y
TCB-05436,QUBR_2022_0004,TRUE,Good,Green,0.233,NA,NA,DTB,TRUE,N,NA,Y,Y,AMH,04/04/2024,CIB,DTB,NA,Y
TCB-05444,QUBR_2022_0231,TRUE,Good,Green,0.289,NA,NA,DTB,TRUE,N,NA,Y,Y,AMH,04/04/2024,3 leaves taken,DTB,NA,Y
TCB-05446,QUBR_2022_0227,TRUE,Good?,Green,0.259,white splotches,NA,DTB,TRUE,N,NA,Y,Y,AMH,04/04/2024,NA,DTB,NA,Y
TCB-05448,QUBR_2022_0025,TRUE,Good?,Green,0.27,white splotches,NA,DTB,TRUE,N,NA,Y,Y,AMH,04/04/2024,NA,DTB,NA,Y
TCB-05450,QUBR_2022_0240,TRUE,Good?,Green,0.211,white slpotches; pale green,NA,DTB,TRUE,N,NA,Y,Y,AMH,04/04/2024,3 leaves taken,DTB,NA,Y
TCB-05452,QUBR_2022_0229,TRUE,Good,Green,0.223,NA,NA,DTB,TRUE,N,NA,Y,Y,AMH,04/04/2024,1 leaf taken; big leaves,DTB,NA,Y
TCB-05453,QUBR_2022_0228,TRUE,Good?,Green,0.325,white splotches,NA,DTB,TRUE,N,NA,Y,Y,AMH,04/04/2024,NA,DTB,NA,Y
TCB-05461,QUBR_2022_0211,TRUE,Good?,Green,0.238,white splotches,NA,DTB,TRUE,N,NA,Y,Y,AMH,04/04/2024,NA,DTB,NA,Y
TCB-05464,QUBR_2022_0216,TRUE,Good,Green,0.262,NA,NA,DTB,TRUE,N,NA,Y,Y,AMH,04/04/2024,3 leaves taken,DTB,NA,Y
TCB-05470,QUBR_2022_0214,TRUE,Good,Green,0.228,some faded patches,NA,DTB,TRUE,N,NA,Y,Y,AMH,04/04/2024,3 leaves taken,DTB,NA,Y
TCB-05472,QUBR_2022_0201,TRUE,Good?,Green,0.36,pale green/white patches,NA,DTB,TRUE,N,NA,Y,Y,AMH,04/04/2024,NA,DTB,NA,Y
TCB-05473,QUBR_2022_0204,TRUE,Good?,Green,0.23,white splotches,NA,DTB,TRUE,N,NA,Y,Y,AMH,04/04/2024,3 leaves taken,DTB,NA,Y
TCB-05474,QUBR_2022_0212,TRUE,Good?,Green,0.26,white splotches; tiny black dots on largest leaf,NA,DTB,TRUE,N,NA,Y,Y,AMH,04/04/2024,3 leaves taken,DTB,NA,Y
TCB-05478,QUBR_2022_0199,TRUE,Good?,Green,0.273,white splotches,NA,DTB,TRUE,N,NA,Y,Y,AMH,04/04/2024,CIB; 3 leaves taken,DTB,NA,Y
TCB-05481,QUBR_2022_0187,TRUE,Good?,Green,0.273,large white/faded patches,NA,DTB,TRUE,N,NA,Y,Y,AMH,04/04/2024,NA,DTB,NA,Y
TCB-05484,QUBR_2022_0194,TRUE,Good?,Green,0.219,white splotches,NA,DTB,TRUE,N,NA,Y,Y,AMH,04/04/2024,3 leaves taken,DTB,NA,Y
TCB-05491,QUBR_2022_0197,TRUE,Good,Green,0.293,NA,NA,DTB,TRUE,N,NA,Y,Y,AMH,04/04/2024,3 leaves taken,DTB,NA,Y
TCB-05497,QUBR_2022_0182,TRUE,Good?,Green,0.383,white patches; some leaves have brown spots,NA,DTB,TRUE,N,NA,Y,Y,AMH,04/04/2024,4 leaves taken,DTB,NA,Y
TCB-05498,QUBR_2022_0181,TRUE,Good?,Green,0.304,white splotches,NA,DTB,TRUE,N,NA,Y,Y,AMH,04/04/2024,CIB; 3 leaves taken,DTB,NA,Y
TCB-05501,QUBR_2022_0176,TRUE,Good,Green,0.231,NA,NA,DTB,TRUE,N,NA,Y,Y,AMH,04/04/2024,3 leaves taken,DTB,NA,Y
TCB-05503,QUBR_2022_0173,TRUE,Good?,Green,0.253,one brown patch on the largest leaf,NA,DTB,TRUE,N,NA,Y,Y,AMH,04/04/2024,NA,DTB,NA,Y
TCB-05511,QUBR_2022_0169,TRUE,Good,Green,0.243,NA,NA,DTB,TRUE,N,NA,Y,Y,AMH,04/04/2024,4 leaves taken,DTB,NA,Y
TCB-05515,QUBR_2022_0160,TRUE,Good?,Green,0.324,white splotches,NA,DTB,TRUE,N,NA,Y,Y,AMH,04/04/2024,2 leaves taken; 1 big leaf,DTB,NA,Y
TCB-05516,QUBR_2022_0235,TRUE,Good?,Green,0.223,white splotches,NA,DTB,TRUE,N,NA,Y,Y,AMH,04/04/2024,NA,DTB,NA,Y
TCB-05519,QUBR_2022_0157,TRUE,Good?,Green,0.241,white splotches and brown spot,NA,DTB,TRUE,N,NA,Y,Y,AMH,04/04/2024,NA,DTB,NA,Y
TCB-05522,QUBR_2022_0154,TRUE,Good,Green,0.225,NA,NA,DTB,TRUE,N,NA,Y,Y,AMH,04/04/2024,3 leaves taken,DTB,NA,Y
TCB-05529,QUBR_2022_0147,TRUE,Good?,Green,0.272,white splotches; patch of necrotic tissue,NA,DTB,TRUE,N,NA,Y,Y,AMH,04/04/2024,3 leaves taken,DTB,NA,Y
TCB-05532,QUBR_2022_0143,TRUE,Good?,Green,0.218,white splotches; brown tips with necrotic tissue,NA,DTB,TRUE,N,NA,Y,Y,AMH,04/04/2024,3 leaves taken,DTB,NA,Y
TCB-05543,QUBR_2022_0133,TRUE,Good?,Green,0.317,white splotches; some light brown spots,NA,DTB,TRUE,N,NA,Y,Y,AMH,04/04/2024,7 leaves taken; small leaves,DTB,NA,Y
TCB-05546,QUBR_2022_0124,TRUE,Good?,Green,0.221,1/2 leaves with necrotic spots,NA,DTB,TRUE,N,NA,Y,Y,AMH,04/04/2024,NA,DTB,NA,Y
TCB-05550,QUBR_2022_0131,TRUE,Good,Green,0.255,NA,NA,DTB,TRUE,N,NA,Y,Y,AMH,04/04/2024,NA,DTB,NA,Y
TCB-05551,QUBR_2022_0130,TRUE,Good,Green,0.212,NA,NA,DTB,TRUE,N,NA,Y,Y,AMH,04/04/2024,3 leaves taken,DTB,NA,Y
TCB-05552,QUBR_2022_0120,TRUE,Good?,Green,0.309,white splotches,NA,DTB,TRUE,N,NA,Y,Y,AMH,04/04/2024,NA,DTB,NA,Y
TCB-05555,QUBR_2022_0129,TRUE,Good?,Green,0.336,light white patches,NA,DTB,TRUE,N,NA,Y,Y,AMH,04/04/2024,NA,DTB,NA,Y
TCB-05556,QUBR_2022_0128,TRUE,Good,Green,0.22,NA,NA,DTB,TRUE,N,NA,Y,Y,AMH,04/04/2024,3 leaves taken,DTB,NA,Y
TCB-05559,QUBR_2022_0115,TRUE,Good?,Green,0.24,white splotches; brown ends on leaves,NA,DTB,TRUE,N,NA,Y,Y,AMH,04/04/2024,3 leaves taken,DTB,NA,Y
TCB-05560,QUBR_2022_0117,TRUE,Good,Green,0.206,NA,NA,DTB,TRUE,N,NA,Y,Y,AMH,04/04/2024,3 leaves taken,DTB,NA,Y
TCB-05564,QUBR_2022_0236,TRUE,Good,Green,0.248,NA,NA,DTB,TRUE,E,NA,Y,Y,AMH,04/04/2024,NA,DTB,NA,Y
TCB-05565,QUBR_2022_0241,TRUE,Good?,Green,0.242,NA,NA,DTB,TRUE,N,NA,Y,Y,AMH,04/04/2024,NA,DTB,NA,Y
TCB-05568,QUBR_2022_0247,TRUE,Good,Green,0.246,NA,NA,DTB,TRUE,N,NA,Y,Y,AMH,04/04/2024,3 leaves taken,DTB,NA,Y
TCB-05570,QUBR_2022_0246,TRUE,Good?,Green,0.227,NA,NA,DTB,TRUE,N,NA,Y,Y,AMH,04/04/2024,3 leaves taken,DTB,NA,Y
TCB-05572,QUBR_2022_0251,TRUE,Good?,Green,0.228,NA,NA,DTB,TRUE,N,NA,Y,Y,AMH,04/04/2024,NA,DTB,NA,Y
TCB-05573,QUBR_2022_0250,TRUE,Good?,Green,0.245,NA,NA,DTB,TRUE,N,NA,Y,Y,AMH,04/04/2024,3 leaves taken,DTB,NA,Y
TCB-05574,QUBR_2022_0245,TRUE,Good?,Green,0.264,NA,NA,DTB,TRUE,N,NA,Y,Y,AMH,04/04/2024,3 leaves taken,DTB,NA,Y
TCB-05576,QUBR_2022_0300,TRUE,Good,Green,0.252,NA,NA,DTB,TRUE,N,NA,Y,Y,AK,04/04/2024,NA,DTB,NA,Y
TCB-05582,QUBR_2022_0335,TRUE,Good,Green,0.237,NA,NA,DTB,TRUE,E,EC,Y,Y,AK,04/04/2024,3 leaves taken,DTB,NA,Y
TCB-05585,QUBR_2022_0327,TRUE,Good,Green,0.218,NA,NA,DTB,TRUE,N,NA,Y,Y,AK,04/04/2024,3 leaves taken,DTB,NA,Y
TCB-05590,QUBR_2022_0278,TRUE,Good?,Green,0.336,white splotches,NA,DTB,TRUE,N,NA,Y,Y,AK,04/04/2024,3 leaves taken,DTB,NA,Y
TCB-05597,QUBR_2022_0291,TRUE,Good?,Green,0.343,brown specks,NA,DTB,TRUE,W,NA,Y,Y,AK,04/04/2024,3 leaves taken,DTB,handwriting unclear- could be N or W,Y
TCB-05599,QUBR_2022_0274,TRUE,Good?,Green,0.29,white spots,NA,DTB,TRUE,E,SD,Y,Y,AK,04/04/2024,NA,DTB,NA,Y
TCB-05601,QUBR_2022_0284,TRUE,Good?,Green,0.255,brown and white patches,NA,DTB,TRUE,N,NA,Y,Y,AK,04/04/2024,NA,DTB,NA,Y
TCB-05608,QUBR_2022_0272,TRUE,Good?,Green,0.384,brown splotches,NA,DTB,TRUE,N,NA,Y,Y,AK,04/04/2024,NA,DTB,NA,Y
TCB-05613,QUBR_2022_0264,TRUE,Good,Green,0.261,NA,NA,DTB,TRUE,N,NA,Y,Y,AK,04/04/2024,3 leaves taken,DTB,NA,Y
TCB-05615,QUBR_2022_0332,TRUE,Good?,Green,0.253,one brown patch on largest leaf sample,NA,DTB,TRUE,N,NA,Y,Y,AK,04/04/2024,NA,DTB,NA,Y
TCB-05620,QUBR_2022_0262,TRUE,Good?,Green,0.258,white and brown spots,NA,DTB,TRUE,N,NA,Y,Y,AK,04/04/2024,NA,DTB,NA,Y
TCB-05622,QUBR_2022_0261,TRUE,Good,Green,0.21,NA,NA,DTB,TRUE,N,NA,Y,Y,AK,04/04/2024,NA,DTB,NA,Y
TCB-05624,QUBR_2022_0283,TRUE,Good,Green,0.292,NA,NA,DTB,TRUE,N,NA,Y,Y,AK,04/04/2024,3 leaves taken,DTB,NA,Y
TCB-05625,QUBR_2022_0259,TRUE,Good?,Green,0.272,white splotches and brown patches/spots,NA,DTB,TRUE,N,NA,Y,Y,AK,04/04/2024,NA,DTB,NA,Y
TCB-05628,QUBR_2022_0265,TRUE,Good,Green,0.319,NA,NA,DTB,TRUE,N,NA,Y,Y,AK,04/04/2024,NA,DTB,NA,Y
TCB-05633,QUBR_2022_0328,TRUE,Good,Green,0.242,NA,NA,DTB,TRUE,N,NA,Y,Y,AK,04/04/2024,3 leaves taken,DTB,NA,Y
TCB-05634,QUBR_2022_0325,TRUE,Good,Green,0.231,NA,NA,DTB,TRUE,N,NA,Y,Y,AK,04/04/2024,3 leaves taken,DTB,handwriting unclear- could be N or W,Y
TCB-05635,QUBR_2022_0322,TRUE,Good?,Green,0.273,small black dots,NA,DTB,TRUE,N,NA,Y,Y,AK,04/04/2024,3 leaves taken,DTB,NA,Y
TCB-05638,QUBR_2022_0347,TRUE,Good,Green,0.311,NA,NA,DTB,TRUE,N,NA,Y,Y,AK,04/04/2024,3 leaves taken,DTB,NA,Y
TCB-05649,QUBR_2022_0318,TRUE,Good?,Green,0.211,NA,NA,DTB,TRUE,N,NA,Y,Y,AK,04/04/2024,3 leaves taken,DTB,NA,Y
TCB-05650,QUBR_2022_0309,TRUE,Good?,Green,0.218,NA,NA,DTB,TRUE,N,NA,Y,Y,AK,04/04/2024,3 leaves taken,DTB,NA,Y
TCB-05653,QUBR_2022_0269,TRUE,Good?,Green,0.241,NA,NA,DTB,TRUE,N,NA,Y,Y,AK,04/04/2024,3 leaves taken,DTB,NA,Y
TCB-05654,QUBR_2022_0308,TRUE,Good,Green,0.276,NA,NA,DTB,TRUE,N,NA,Y,Y,AK,04/04/2024,NA,DTB,NA,Y
TCB-05669,QUBR_2022_0336,TRUE,Good,Green,0.223,NA,NA,DTB,TRUE,N,NA,Y,Y,AK,04/04/2024,NA,DTB,NA,Y
TCB-05688,QUBR_2022_0364,TRUE,Good?,Green,0.277,some brown spots,NA,DTB,TRUE,N,NA,Y,Y,AK,04/04/2024,3 leaves taken,DTB,NA,Y
TCB-05692,QUBR_2022_0365,TRUE,Good,Green,0.272,NA,NA,DTB,TRUE,N,NA,Y,Y,AK,04/04/2024,3 leaves taken,DTB,NA,Y
TCB-05702,QUBR_2022_0369,TRUE,Good?,Green,0.206,white splotches,NA,DTB,TRUE,N,NA,Y,Y,AK,04/04/2024,NA,DTB,NA,Y
TCB-05706,QUBR_2022_0377,TRUE,Good,Green,0.206,NA,NA,DTB,TRUE,N,NA,Y,Y,AK,04/04/2024,3 leaves taken,DTB,NA,Y
TCB-05715,QUBR_2022_0374,TRUE,1 Necrotic; 2 Good?,1 turning black; 2 green,0.236,1 dark green leaf starting necrosis; white splotches,NA,DTB,TRUE,N,NA,Y,Y,AK,04/04/2024,3 leaves taken,DTB,NA,Y
TCB-05723,QUBR_2022_0404,TRUE,Good,Green,0.229,NA,NA,DTB,TRUE,N,NA,Y,Y,AK,04/04/2024,NA,DTB,NA,Y
TCB-05732,QUBR_2022_0409,TRUE,Good,Green,0.309,NA,NA,DTB,TRUE,N,NA,Y,Y,AK,04/04/2024,3 leaves taken,DTB,NA,Y
TCB-05735,QUBR_2022_0413,TRUE,Good,Green,0.223,NA,NA,DTB,TRUE,N,NA,Y,Y,AK,04/04/2024,NA,DTB,NA,Y
TCB-05782,QUBR_2022_0527,TRUE,Good?,Green,0.206,1 leaf has white splotches,NA,DTB,TRUE,E,NA,Y,Y,AMH,04/06/2024,1.5 leaves taken; big leaves,DTB,NA,Y
TCB-06207,QUBR_2022_1121,TRUE,Good,Green,0.218,NA,NA,DTB,TRUE,E,NA,Y,Y,AMH,04/08/2024,2 leaves taken; big leaves,DTB,NA,Y
TCB-06229,QUBR_2022_1117,TRUE,Good,Green,0.209,NA,NA,DTB,TRUE,N,LC,Y,Y,AMH,04/08/2024,NA,DTB,NA,Y
TCB-06238,QUBR_2022_1066,TRUE,Good,Green,0.208,NA,NA,DTB,TRUE,E,NA,Y,Y,AMH,04/08/2024,2 leaves collected; big leaves,DTB,NA,Y
TCB-06459,QUBR_2022_1261,TRUE,Good,Green,0.207,NA,NA,DTB,TRUE,W,LB,Y,Y,AK,04/08/2024,NA,DTB,NA,Y
TCB-05323,QUBR_2022_0168,TRUE,Good,Green,0.181,NA,NA,DTB,TRUE,W,LB,Y,Y,AMH,04/04/2024,NA,DTB,NA,Y
TCB-05324,QUBR_2022_0108,TRUE,Good?,Green,0.17,white/grey splotches,NA,DTB,TRUE,W,LB,Y,Y,AMH,04/04/2024,NA,DTB,NA,Y
TCB-05325,QUBR_2022_0499,TRUE,Good,Green,0.076,NA,NA,DTB,TRUE,W,LB,Y,Y,AMH,04/06/2024,NA,DTB,NA,Y
TCB-05326,QUBR_2022_0288,TRUE,Good?,Green,0.143,white/gray splotches,NA,DTB,TRUE,W,SDo,Y,Y,AK,04/04/2024,NA,DTB,NA,Y
TCB-05327,QUBR_2022_0481,TRUE,Good?,Green,0.093,white dots and splotches,NA,DTB,TRUE,W,SDo,Y,Y,AMH,04/06/2024,NA,DTB,NA,Y
TCB-05328,QUBR_2022_0193,TRUE,Good?,Green,0.179,white splotches,NA,DTB,TRUE,E,EC,Y,Y,AMH,04/04/2024,3 leaves taken,DTB,NA,Y
TCB-05337,QUBR_2022_0105,TRUE,Good?,Green,0.072,white splotches,NA,DTB,TRUE,E,NA,Y,Y,AMH,04/04/2024,2 leaves taken; 1 big leaf,DTB,NA,Y
TCB-05339,QUBR_2022_0103,TRUE,Good?,Green,0.199,white splotches,NA,DTB,TRUE,N,NA,Y,Y,AMH,04/04/2024,3 leaves taken,DTB,NA,Y
TCB-05340,QUBR_2022_0102,TRUE,Good,Green,0.12,NA,NA,DTB,TRUE,N,NA,Y,Y,AMH,04/04/2024,NA,DTB,NA,Y
TCB-05346,QUBR_2022_0096,TRUE,Good,Green,0.133,NA,NA,DTB,TRUE,N,NA,Y,Y,AMH,04/04/2024,NA,DTB,NA,Y
TCB-05350,QUBR_2022_0092,TRUE,Good,Green,0.141,NA,NA,DTB,TRUE,N,NA,Y,Y,AMH,04/04/2024,NA,DTB,NA,Y
TCB-05357,QUBR_2022_0082,TRUE,Good?,Green,0.089,white splotches,NA,DTB,TRUE,N,NA,Y,Y,AMH,04/04/2024,2 leaves taken; small leaves,DTB,NA,Y
TCB-05359,QUBR_2022_0078,TRUE,Good?,Green,0.122,white splotches,NA,DTB,TRUE,N,NA,Y,Y,AMH,04/04/2024,NA,DTB,NA,Y
TCB-05362,QUBR_2022_0076,TRUE,Good?,Green,0.196,white splotches,NA,DTB,TRUE,N,NA,Y,Y,AMH,04/04/2024,3 leaves taken,DTB,NA,Y
TCB-05365,QUBR_2022_0071,TRUE,Good,Green,0.195,NA,NA,DTB,TRUE,N,LM,Y,Y,AMH,04/04/2024,NA,DTB,NA,Y
TCB-05367,QUBR_2022_0070,TRUE,Good,Green,0.175,NA,NA,DTB,TRUE,N,NA,Y,Y,AMH,04/04/2024,NA,DTB,NA,Y
TCB-05370,QUBR_2022_0069,TRUE,Good,Green,0.141,NA,NA,DTB,TRUE,N,NA,Y,Y,AMH,04/04/2024,NA,DTB,NA,Y
TCB-05374,QUBR_2022_0068,TRUE,Good?,Green,0.147,white splotches,NA,DTB,TRUE,N,NA,Y,Y,AMH,04/04/2024,NA,DTB,NA,Y
TCB-05378,QUBR_2022_0064,TRUE,Good,Green,0.101,NA,NA,DTB,TRUE,N,NA,Y,Y,AMH,04/04/2024,2 dead stems,DTB,NA,Y
TCB-05384,QUBR_2022_0060,TRUE,Good,Green,0.199,NA,NA,DTB,TRUE,N,NA,Y,Y,AMH,04/04/2024,3 leaves taken,DTB,NA,Y
TCB-05393,QUBR_2022_0050,TRUE,Good,Green,0.17,NA,NA,DTB,TRUE,N,NA,Y,Y,AMH,04/04/2024,big leaves,DTB,NA,Y
TCB-05395,QUBR_2022_0048,TRUE,Good,Green,0.183,NA,NA,DTB,TRUE,N,NA,Y,Y,AMH,04/04/2024,NA,DTB,NA,Y
TCB-05401,QUBR_2022_0042,TRUE,Good,Green,0.174,NA,NA,DTB,TRUE,N,NA,Y,Y,AMH,04/04/2024,NA,DTB,NA,Y
TCB-05403,QUBR_2022_0039,TRUE,Good?,Green,0.185,white splotches,NA,DTB,TRUE,E,SD,Y,Y,AMH,04/04/2024,3 leaves taken,DTB,NA,Y
TCB-05405,QUBR_2022_0037,TRUE,Good,Green,0.19,NA,NA,DTB,TRUE,N,NA,Y,Y,AMH,04/04/2024,NA,DTB,NA,Y
TCB-05407,QUBR_2022_0035,TRUE,Good?,Green,0.145,white splotches and rings,NA,DTB,TRUE,N,NA,Y,Y,AMH,04/04/2024,NA,DTB,NA,Y
TCB-05411,QUBR_2022_0031,TRUE,Good,Green,0.194,NA,NA,DTB,TRUE,N,NA,Y,Y,AMH,04/04/2024,big leaves,DTB,NA,Y
TCB-05413,QUBR_2022_0029,TRUE,Good,Green,0.146,NA,NA,DTB,TRUE,N,NA,Y,Y,AMH,04/04/2024,NA,DTB,NA,Y
TCB-05414,QUBR_2022_0023,TRUE,Good?,Green,0.111,white splotches,NA,DTB,TRUE,N,NA,Y,Y,AMH,04/04/2024,NA,DTB,NA,Y
TCB-05415,QUBR_2022_0026,TRUE,Good?,Green,0.148,white splotches,NA,DTB,TRUE,N,NA,Y,Y,AMH,04/04/2024,NA,DTB,NA,Y
TCB-05416,QUBR_2022_0028,TRUE,Good,Green,0.138,NA,NA,DTB,TRUE,N,NA,Y,Y,AMH,04/04/2024,NA,DTB,NA,Y
TCB-05418,QUBR_2022_0022,TRUE,Good?,Green,0.088,white splotches,NA,DTB,TRUE,N,NA,Y,Y,AMH,04/04/2024,small leaves,DTB,NA,Y
TCB-05421,QUBR_2022_0021,TRUE,Good,Green,0.114,NA,NA,DTB,TRUE,N,NA,Y,Y,AMH,04/04/2024,NA,DTB,NA,Y
TCB-05422,QUBR_2022_0020,TRUE,Good?,Green,0.133,white splotchesl tiny brown dots/rings,NA,DTB,TRUE,N,NA,Y,Y,AMH,04/04/2024,NA,DTB,NA,Y
TCB-05424,QUBR_2022_0018,TRUE,Good,Green,0.119,NA,NA,DTB,TRUE,N,NA,Y,Y,AMH,04/04/2024,NA,DTB,NA,Y
TCB-05430,QUBR_2022_0005,TRUE,Good,Green,0.137,NA,NA,DTB,TRUE,N,NA,Y,Y,AMH,04/04/2024,NA,DTB,NA,Y
TCB-05431,QUBR_2022_0006,TRUE,Good?,Green,0.162,white splotches; folded,NA,DTB,TRUE,N,NA,Y,Y,AMH,04/04/2024,NA,DTB,NA,Y
TCB-05433,QUBR_2022_0014,TRUE,Good?,Green,0.135,white splotches; some brown lines,NA,DTB,TRUE,E,NA,Y,Y,AMH,04/04/2024,NA,DTB,NA,Y
TCB-05437,QUBR_2022_0011,TRUE,Good?,Green,0.106,white splotches,NA,DTB,TRUE,E,NA,Y,Y,AMH,04/04/2024,NA,DTB,NA,Y
TCB-05438,QUBR_2022_0003,TRUE,Good,Green,0.198,NA,NA,DTB,TRUE,N,NA,Y,Y,AMH,04/04/2024,CIB,DTB,NA,Y
TCB-05440,QUBR_2022_0010,TRUE,Good,Green,0.124,NA,NA,DTB,TRUE,E,NA,Y,Y,AMH,04/04/2024,NA,DTB,NA,Y
TCB-05441,QUBR_2022_0002,TRUE,Good,Green,0.111,NA,NA,DTB,TRUE,N,NA,Y,Y,AMH,04/04/2024,CIB,DTB,NA,Y
TCB-05443,QUBR_2022_0232,TRUE,Good,Green,0.137,NA,NA,DTB,TRUE,N,NA,Y,Y,AMH,04/04/2024,NA,DTB,NA,Y
TCB-05445,QUBR_2022_0230,TRUE,Good?,Green,0.167,white splotches; tiny brown spots,NA,DTB,TRUE,N,NA,Y,Y,AMH,04/04/2024,NA,DTB,NA,Y
TCB-05447,QUBR_2022_0226,TRUE,Good?,Green,0.134,white splotches; one light brown spot,NA,DTB,TRUE,E,NA,Y,Y,AMH,04/04/2024,NA,DTB,NA,Y
TCB-05449,QUBR_2022_0222,TRUE,Good,Green,0.109,NA,NA,DTB,TRUE,E,EC,Y,Y,AMH,04/04/2024,NA,DTB,NA,Y
TCB-05451,QUBR_2022_0233,TRUE,Good?,Green,0.18,white splotches,NA,DTB,TRUE,N,NA,Y,Y,AMH,04/04/2024,1 leaf taken; big leaves,DTB,NA,Y
TCB-05455,QUBR_2022_0224,TRUE,Good?,Green,0.145,white splotches,NA,DTB,TRUE,N,NA,Y,Y,AMH,04/04/2024,NA,DTB,NA,Y
TCB-05457,QUBR_2022_0221,TRUE,Good,Green,0.204,NA,NA,DTB,TRUE,N,NA,Y,Y,AMH,04/04/2024,NA,DTB,NA,Y
TCB-05460,QUBR_2022_0219,TRUE,Good,Green,0.17,NA,NA,DTB,TRUE,N,NA,Y,Y,AMH,04/04/2024,NA,DTB,NA,Y
TCB-05465,QUBR_2022_0209,TRUE,Good?,Green,0.186,white splotches,NA,DTB,TRUE,N,NA,Y,Y,AMH,04/04/2024,3 leaves taken,DTB,NA,Y
TCB-05468,QUBR_2022_0208,TRUE,Good?,Green,0.194,white splotches,NA,DTB,TRUE,N,NA,Y,Y,AMH,04/04/2024,NA,DTB,NA,Y
TCB-05475,QUBR_2022_0203,TRUE,Good,Green,0.071,NA,NA,DTB,TRUE,N,NA,Y,Y,AMH,04/04/2024,3 leaves taken; small leaves,DTB,NA,Y
TCB-05476,QUBR_2022_0202,TRUE,Good,Green,0.107,NA,NA,DTB,TRUE,N,NA,Y,Y,AMH,04/04/2024,3 leaves taken; small leaves,DTB,NA,Y
TCB-05480,QUBR_2022_0195,TRUE,Good?,Green,0.112,white splotches,NA,DTB,TRUE,E,EC,Y,Y,AMH,04/04/2024,NA,DTB,NA,Y
TCB-05483,QUBR_2022_0213,TRUE,Good?,Green,0.138,white splotches,NA,DTB,TRUE,N,NA,Y,Y,AMH,04/04/2024,4 leaves taken; small leaves,DTB,NA,Y
TCB-05488,QUBR_2022_0191,TRUE,Good,Green,0.061,NA,NA,DTB,TRUE,N,NA,Y,Y,AMH,04/04/2024,5 leaves taken; small leaves,DTB,NA,Y
TCB-05493,QUBR_2022_0185,TRUE,Good,Green,0.169,NA,NA,DTB,TRUE,N,NA,Y,Y,AMH,04/04/2024,NA,DTB,NA,Y
TCB-05496,QUBR_2022_0183,TRUE,Good?,Green,0.169,white splotches,NA,DTB,TRUE,N,NA,Y,Y,AMH,04/04/2024,3 leaves taken,DTB,NA,Y
TCB-05505,QUBR_2022_0164,TRUE,Good?,Green,0.185,white splotches,NA,DTB,TRUE,N,NA,Y,Y,AMH,04/04/2024,3 leaves taken,DTB,NA,Y
TCB-05506,QUBR_2022_0163,TRUE,Good?,Green,0.067,white splotches,NA,DTB,TRUE,N,NA,Y,Y,AMH,04/04/2024,CIB; 2 leaves taken; small leaves,DTB,NA,Y
TCB-05507,QUBR_2022_0172,TRUE,Good,Green,0.184,NA,NA,DTB,TRUE,N,NA,Y,Y,AMH,04/04/2024,3 leaves taken,DTB,NA,Y
TCB-05508,QUBR_2022_0162,TRUE,Good?,Green/Brown,0.187,white splotches; brown tip on one leaf,NA,DTB,TRUE,N,NA,Y,Y,AMH,04/04/2024,NA,DTB,NA,Y
TCB-05517,QUBR_2022_0159,TRUE,Good,Green,0.173,NA,NA,DTB,TRUE,N,NA,Y,Y,AMH,04/04/2024,4 leaves taken,DTB,NA,Y
TCB-05520,QUBR_2022_0156,TRUE,Good?,Green,0.173,white patches and brown spots,"Leaf tissue color: ""Green (mostly)""",DTB,TRUE,N,NA,Y,Y,AMH,04/04/2024,NA,DTB,NA,Y
TCB-05523,QUBR_2022_0153,TRUE,Good?,Green,0.172,white splotches; necrotic brown spot,NA,DTB,TRUE,N,NA,Y,Y,AMH,04/04/2024,a little necrosis,DTB,NA,Y
TCB-05530,QUBR_2022_0146,TRUE,Good,Green,0.16,NA,NA,DTB,TRUE,N,NA,Y,Y,AMH,04/04/2024,NA,DTB,NA,Y
TCB-05531,QUBR_2022_0145,TRUE,Good,Green,0.166,NA,NA,DTB,TRUE,N,NA,Y,Y,AMH,04/04/2024,CIB,DTB,NA,Y
TCB-05533,QUBR_2022_0142,TRUE,Good,Green,0.098,NA,NA,DTB,TRUE,N,NA,Y,Y,AMH,04/04/2024,2 leaves taken; 1 big leaf,DTB,NA,Y
TCB-05534,QUBR_2022_0144,TRUE,Good,Green,0.173,NA,NA,DTB,TRUE,N,NA,Y,Y,AMH,04/04/2024,NA,DTB,NA,Y
TCB-05537,QUBR_2022_0139,TRUE,Good?,Green,0.203,white splotches,NA,DTB,TRUE,N,NA,Y,Y,AMH,04/04/2024,3 leaves taken; small leaves,DTB,NA,Y
TCB-05538,QUBR_2022_0138,TRUE,Good?,Green,0.131,white splotches,NA,DTB,TRUE,N,NA,Y,Y,AMH,04/04/2024,NA,DTB,NA,Y
TCB-05539,QUBR_2022_0137,TRUE,Good,Green,0.193,NA,NA,DTB,TRUE,NA,NA,Y,Y,AMH,04/04/2024,3 leaves taken; flag in soil,DTB,region' left blank,Y
TCB-05540,QUBR_2022_0136,TRUE,Good?,Green,0.113,white splotches,NA,DTB,TRUE,NA,NA,Y,Y,AMH,04/04/2024,3 leaves taken; small leaves; flag in soil,DTB,region' listed as ?,Y
TCB-05549,QUBR_2022_0132,TRUE,Good?,Green,0.154,pale white splotches,NA,DTB,TRUE,N,NA,Y,Y,AMH,04/04/2024,4 leaves taken; small leaves,DTB,NA,Y
TCB-05553,QUBR_2022_0119,TRUE,Good?,Green,0.154,white splotches,NA,DTB,TRUE,N,NA,Y,Y,AMH,04/04/2024,3 leaves taken; small leaves,DTB,NA,Y
TCB-05558,QUBR_2022_0239,TRUE,Good?,Green,0.107,white splotches,NA,DTB,TRUE,N,NA,Y,Y,AMH,04/04/2024,NA,DTB,NA,Y
TCB-05563,QUBR_2022_0238,TRUE,Good?,Green,0.063,NA,NA,DTB,TRUE,N,NA,Y,Y,AMH,04/04/2024,1 leaf taken,DTB,NA,Y
TCB-05567,QUBR_2022_0244,TRUE,Good?,Green,0.197,NA,NA,DTB,TRUE,N,NA,Y,Y,AMH,04/04/2024,4 leaves taken; small leaves,DTB,NA,Y
TCB-05578,QUBR_2022_0294,TRUE,Good,Green,0.09,NA,NA,DTB,TRUE,E,NA,Y,Y,AK,04/04/2024,NA,DTB,NA,Y
TCB-05580,QUBR_2022_0280,TRUE,Good?,Green,0.1,NA,NA,DTB,TRUE,N,NA,Y,Y,AK,04/04/2024,1 leaf taken; big leaves,DTB,NA,Y
TCB-05583,QUBR_2022_0333,TRUE,Good,Green,0.113,NA,NA,DTB,TRUE,N,NA,Y,Y,AK,04/04/2024,NA,DTB,NA,Y
TCB-05588,QUBR_2022_0298,TRUE,Good?,Green,0.143,small brown spots,NA,DTB,TRUE,N,NA,Y,Y,AK,04/04/2024,NA,DTB,NA,Y
TCB-05592,QUBR_2022_0296,TRUE,Good,Green,0.172,NA,NA,DTB,TRUE,N,NA,Y,Y,AK,04/04/2024,NA,DTB,NA,Y
TCB-05594,QUBR_2022_0276,TRUE,Good?,Green,0.111,white splotches,NA,DTB,TRUE,N,NA,Y,Y,AK,04/04/2024,NA,DTB,NA,Y
TCB-05596,QUBR_2022_0275,TRUE,Good,Green,0.154,NA,NA,DTB,TRUE,N,NA,Y,Y,AK,04/04/2024,3 leaves taken,DTB,NA,Y
TCB-05598,QUBR_2022_0350,TRUE,Good,Green,0.086,NA,NA,DTB,TRUE,N,NA,Y,Y,AK,04/04/2024,3 leaves taken,DTB,NA,Y
TCB-05603,QUBR_2022_0340,TRUE,Good,Green,0.201,NA,NA,DTB,TRUE,N,NA,Y,Y,AK,04/04/2024,NA,DTB,NA,Y
TCB-05606,QUBR_2022_0334,TRUE,Good,Green,0.137,NA,NA,DTB,TRUE,N,NA,Y,Y,AK,04/04/2024,NA,DTB,NA,Y
TCB-05607,QUBR_2022_0324,TRUE,Good,Green,0.061,NA,NA,DTB,TRUE,N,NA,Y,Y,AK,04/04/2024,1 leaf taken; big leaves,DTB,NA,Y
TCB-05609,QUBR_2022_0323,TRUE,Good,Green,0.125,NA,NA,DTB,TRUE,N,NA,Y,Y,AK,04/04/2024,1 leaf taken; big leaves,DTB,NA,Y
TCB-05612,QUBR_2022_0345,TRUE,Good?,Green,0.192,brown dots,NA,DTB,TRUE,N,NA,Y,Y,AK,04/04/2024,NA,DTB,NA,Y
TCB-05617,QUBR_2022_0338,TRUE,Good,Green,0.19,NA,NA,DTB,TRUE,E,SD,Y,Y,AK,04/04/2024,3 leaves taken,DTB,NA,Y
TCB-05619,QUBR_2022_0281,TRUE,Good,Green,0.088,NA,NA,DTB,TRUE,E,EC,Y,Y,AK,04/04/2024,NA,DTB,NA,Y
TCB-05621,QUBR_2022_0282,TRUE,Good?,Green,0.115,white splotches,NA,DTB,TRUE,N,NA,Y,Y,AK,04/04/2024,NA,DTB,NA,Y
TCB-05623,QUBR_2022_0260,TRUE,Good?,Green,0.154,tiny brown spots,NA,DTB,TRUE,N,NA,Y,Y,AK,04/04/2024,NA,DTB,NA,Y
TCB-05626,QUBR_2022_0273,TRUE,Good?,Green,0.147,white splotches and tiny black spot,NA,DTB,TRUE,N,NA,Y,Y,AK,04/04/2024,NA,DTB,NA,Y
TCB-05631,QUBR_2022_0256,TRUE,Good?,Green,0.164,white splotches,NA,DTB,TRUE,N,NA,Y,Y,AK,04/04/2024,3 leaves taken,DTB,NA,Y
TCB-05640,QUBR_2022_0344,TRUE,Good,Green,0.113,small brown patch on one leaf,NA,DTB,TRUE,N,NA,Y,Y,AK,04/04/2024,3 leaves taken,DTB,NA,Y
TCB-05641,QUBR_2022_0343,TRUE,Good?,Green,0.12,white splotches,NA,DTB,TRUE,N,NA,Y,Y,AK,04/04/2024,NA,DTB,NA,Y
TCB-05647,QUBR_2022_0319,TRUE,Good,Green,0.19,NA,NA,DTB,TRUE,N,NA,Y,Y,AK,04/04/2024,NA,DTB,NA,Y
TCB-05652,QUBR_2022_0252,TRUE,Good?,Green,0.146,NA,NA,DTB,TRUE,N,NA,Y,Y,AMH,04/04/2024,NA,DTB,NA,Y
TCB-05660,QUBR_2022_0315,TRUE,Good?,Green,0.132,NA,NA,DTB,TRUE,N,NA,Y,Y,AK,04/04/2024,NA,DTB,NA,Y
TCB-05661,QUBR_2022_0314,TRUE,1 Necrotic; 1 Good,Black/Green,0.169,NA,NA,DTB,TRUE,N,NA,Y,Y,AK,04/04/2024,NA,DTB,NA,Y
TCB-05663,QUBR_2022_0313,TRUE,1 Necrotic; 1 Good?,Black/Green,0.16,one leaf is necrotic; large leaf has white splotches,NA,DTB,TRUE,N,NA,Y,Y,AK,04/04/2024,NA,DTB,NA,Y
TCB-05664,QUBR_2022_0312,TRUE,Good?,Green,0.151,small brown spots,NA,DTB,TRUE,N,NA,Y,Y,AK,04/04/2024,NA,DTB,NA,Y
TCB-05670,QUBR_2022_0301,TRUE,Good,Green,0.147,NA,NA,DTB,TRUE,N,NA,Y,Y,AK,04/04/2024,3 leaves taken,DTB,NA,Y
TCB-05673,QUBR_2022_0268,TRUE,Good,Green,0.118,1/3 necrotic with white spots,NA,DTB,TRUE,N,NA,Y,Y,AK,04/04/2024,3 leaves taken,DTB,NA,Y
TCB-05674,QUBR_2022_0361,TRUE,Good,Green,0.111,NA,NA,DTB,TRUE,N,NA,Y,Y,AK,04/04/2024,1 leaf taken,DTB,NA,Y
TCB-05675,QUBR_2022_0360,TRUE,Good,Green,0.111,NA,NA,DTB,TRUE,N,NA,Y,Y,AK,04/04/2024,NA,DTB,NA,Y
TCB-05684,QUBR_2022_0351,TRUE,Good?,Green,0.051,white splotches,NA,DTB,TRUE,W,LB,Y,Y,AK,04/04/2024,NA,DTB,NA,Y
TCB-05686,QUBR_2022_0362,TRUE,Good?,Green,0.122,turning black at tips,NA,DTB,TRUE,N,LC,Y,Y,AK,04/04/2024,NA,DTB,NA,Y
TCB-05687,QUBR_2022_0363,TRUE,Good,Green,0.103,NA,NA,DTB,TRUE,N,NA,Y,Y,AK,04/04/2024,3 leaves taken,DTB,NA,Y
TCB-05695,QUBR_2022_0381,TRUE,Good,Green,0.159,NA,NA,DTB,TRUE,N,NA,Y,Y,AK,04/04/2024,NA,DTB,NA,Y
TCB-05697,QUBR_2022_0382,TRUE,Good,Green,0.131,NA,NA,DTB,TRUE,N,NA,Y,Y,AK,04/04/2024,NA,DTB,NA,Y
TCB-05698,QUBR_2022_0366,TRUE,Good,Green,0.188,NA,NA,DTB,TRUE,N,NA,Y,Y,AK,04/04/2024,3 leaves taken,DTB,NA,Y
TCB-05703,QUBR_2022_0370,TRUE,1 Necrotic; 2 Good?,1 Black; 2 Green,0.194,1 leaf beginning necrosis; 2 leaves green with small spots,NA,DTB,TRUE,N,NA,Y,Y,AK,04/04/2024,3 leaves taken,DTB,NA,Y
TCB-05705,QUBR_2022_0372,TRUE,Good,Green,0.157,NA,NA,DTB,TRUE,N,NA,Y,Y,AK,04/04/2024,3 leaves taken,DTB,NA,Y
TCB-05709,QUBR_2022_0384,TRUE,Good?,Green,0.121,black line down the middle of one leaf,NA,DTB,TRUE,N,NA,Y,Y,AK,04/04/2024,3 leaves taken,DTB,NA,Y
TCB-05713,QUBR_2022_0396,TRUE,1 Necrotic; 1 Good?,1 Black; 1 Green,0.199,1 beginning necrosis; other leaf has small spots,NA,DTB,TRUE,N,NA,Y,Y,AK,04/04/2024,NA,DTB,NA,Y
TCB-05719,QUBR_2022_0398,TRUE,Good,Green,0.196,NA,NA,DTB,TRUE,N,NA,Y,Y,AK,04/04/2024,NA,DTB,NA,Y
TCB-05721,QUBR_2022_0400,TRUE,Good,Green,0.203,NA,NA,DTB,TRUE,N,NA,Y,Y,AK,04/04/2024,NA,DTB,NA,Y
TCB-05725,QUBR_2022_0405,TRUE,Good,Green,0.099,NA,NA,DTB,TRUE,E,SD,Y,Y,AK,04/04/2024,NA,DTB,NA,Y
TCB-05727,QUBR_2022_0407,TRUE,Good,Green,0.105,NA,NA,DTB,TRUE,N,NA,Y,Y,AK,04/04/2024,NA,DTB,NA,Y
TCB-05730,QUBR_2022_0406,TRUE,Good,Green,0.08,NA,NA,DTB,TRUE,N,NA,Y,Y,AK,04/04/2024,3 leaves taken,DTB,NA,Y
TCB-05731,QUBR_2022_0410,TRUE,1 Good; 1 Necrotic,Green,0.102,1/2 beginning necrosis,NA,DTB,TRUE,N,NA,Y,Y,AK,04/04/2024,NA,DTB,NA,Y
TCB-05733,QUBR_2022_0411,TRUE,Good,Green,0.1,brown splotches,NA,DTB,TRUE,N,NA,Y,Y,AK,04/04/2024,NA,DTB,NA,Y
TCB-05734,QUBR_2022_0412,TRUE,Good,Green/Brown,0.158,NA,NA,DTB,TRUE,N,NA,Y,Y,AK,04/04/2024,NA,DTB,NA,Y
TCB-05738,QUBR_2022_0416,TRUE,1 Good; 1 Necrotic,Green,0.115,1/2 necrotic,NA,DTB,TRUE,E,NA,Y,Y,AMH,04/06/2024,NA,DTB,NA,Y
TCB-05739,QUBR_2022_0417,TRUE,Good,Green,0.185,NA,NA,DTB,TRUE,N,LC,Y,Y,AMH,04/06/2024,NA,DTB,NA,Y
TCB-05745,QUBR_2022_0423,TRUE,1 Good; 1 Necrotic,Green,0.12,NA,NA,DTB,TRUE,E,NA,Y,Y,AMH,04/06/2024,NA,DTB,NA,Y
TCB-05747,QUBR_2022_0425,TRUE,Good?,Green,0.152,NA,NA,DTB,TRUE,E,NA,Y,Y,AMH,04/06/2024,NA,DTB,NA,Y
TCB-05748,QUBR_2022_0426,TRUE,Good?,Green,0.099,NA,NA,DTB,TRUE,E,NA,Y,Y,AMH,04/06/2024,NA,DTB,NA,Y
TCB-05749,QUBR_2022_0427,TRUE,1 Good; 1 Necrotic,Green,0.071,NA,NA,DTB,TRUE,E,NA,Y,Y,AMH,04/06/2024,NA,DTB,NA,Y
TCB-05750,QUBR_2022_0428,TRUE,1 Good; 1 Necrotic,Green/Brown,0.139,Brown splotches,NA,DTB,TRUE,E,SD,Y,Y,AMH,04/06/2024,1 leaf taken; big leaves,DTB,NA,Y
TCB-05751,QUBR_2022_0429,TRUE,Good?,Green,0.044,NA,NA,DTB,TRUE,E,NA,N,N,AMH,04/06/2024,1 leaf,DTB,"leaves taken' is left blank, but notes say '1 leaf' was taken?",Y
TCB-05752,QUBR_2022_0431,TRUE,Good?,Green,0.058,NA,NA,DTB,TRUE,E,NA,Y,Y,AMH,04/06/2024,1/2 leaf,DTB,"unclear what the '1/2 leaf' notation means- leaves were collected, 1 was maybe smaller/larger than other?",Y
TCB-05759,QUBR_2022_0438,TRUE,Good,Green,0.091,NA,NA,DTB,TRUE,W,NA,Y,Y,AMH,04/06/2024,NA,DTB,NA,Y
TCB-05761,QUBR_2022_0440,TRUE,Good,Green,0.13,NA,NA,DTB,TRUE,E,NA,Y,Y,AMH,04/06/2024,NA,DTB,NA,Y
TCB-05762,QUBR_2022_0441,TRUE,Good,Green,0.074,NA,NA,DTB,TRUE,E,SD,Y,Y,AMH,04/06/2024,NA,DTB,NA,Y
TCB-05763,QUBR_2022_0442,TRUE,Good,Green,0.094,NA,NA,DTB,TRUE,E,NA,Y,Y,AMH,04/06/2024,NA,DTB,NA,Y
TCB-05764,QUBR_2022_0443,TRUE,Good,Green/Brown,0.063,Brown splotches,NA,DTB,TRUE,E,NA,Y,Y,AMH,04/06/2024,1 leaf taken,DTB,NA,Y
TCB-05765,QUBR_2022_0444,TRUE,Good,Green,0.102,NA,NA,DTB,TRUE,E,NA,Y,Y,AMH,04/06/2024,NA,DTB,NA,Y
TCB-05766,QUBR_2022_0445,TRUE,Good,Green,0.055,NA,NA,DTB,TRUE,E,NA,Y,Y,AMH,04/06/2024,1 leaf taken,DTB,NA,Y
TCB-05768,QUBR_2022_0447,TRUE,Good?,Green,0.132,NA,NA,DTB,TRUE,E,NA,Y,Y,AMH,04/06/2024,NA,DTB,NA,Y
TCB-05771,QUBR_2022_0450,TRUE,Good,Green/Brown,0.065,NA,NA,DTB,TRUE,E,NA,Y,Y,AMH,04/06/2024,1 leaf taken,DTB,NA,Y
TCB-05773,QUBR_2022_0564,TRUE,Good,Green,0.055,NA,NA,DTB,TRUE,E,NA,Y,Y,AMH,04/06/2024,2 leaves taken; small leaves,DTB,NA,Y
TCB-05776,QUBR_2022_0534,TRUE,Good,Green,0.088,NA,NA,DTB,TRUE,W,SDo,Y,Y,AMH,04/06/2024,NA,DTB,NA,Y
TCB-05778,QUBR_2022_0532,TRUE,Good?,Green,0.066,white splotches,NA,DTB,TRUE,W,SDo,Y,Y,AMH,04/06/2024,NA,DTB,NA,Y
TCB-05780,QUBR_2022_0529,TRUE,Good?,Green,0.178,white splotches,NA,DTB,TRUE,E,NA,Y,Y,AMH,04/06/2024,3 leaves taken,DTB,NA,Y
TCB-05781,QUBR_2022_0531,TRUE,1 Good; 1 Necrotic,Green/Brown,0.05,necrosis starting on edge of leaf tissue,NA,DTB,TRUE,E,NA,Y,Y,AMH,04/06/2024,2 leaves taken; small leaves,DTB,NA,Y
TCB-05783,QUBR_2022_0528,TRUE,Good?,Green,0.058,1 leaf has white splotches,NA,DTB,TRUE,E,NA,Y,Y,AMH,04/06/2024,NA,DTB,NA,Y
TCB-05786,QUBR_2022_0524,TRUE,Good,Green,0.058,NA,NA,DTB,TRUE,E,NA,Y,Y,AMH,04/06/2024,1 leaf taken,DTB,NA,Y
TCB-05788,QUBR_2022_0523,TRUE,Good?,Green,0.096,white splotches,NA,DTB,TRUE,E,NA,Y,Y,AMH,04/06/2024,NA,DTB,NA,Y
TCB-05789,QUBR_2022_0522,TRUE,Good?,Green,0.07,white splotches,NA,DTB,TRUE,E,NA,Y,Y,AMH,04/06/2024,2 leaves taken; 1 big leaf,DTB,NA,Y
TCB-05795,QUBR_2022_0468,TRUE,Good?,Green,0.047,white splotches,NA,DTB,TRUE,E,NA,Y,Y,AMH,04/06/2024,1 leaf taken,DTB,NA,Y
TCB-05796,QUBR_2022_0540,TRUE,Good,Green,0.047,NA,NA,DTB,TRUE,E,NA,Y,Y,AMH,04/06/2024,1 leaf taken,DTB,NA,Y
TCB-05797,QUBR_2022_0467,TRUE,Good?,Green,0.059,white splotches,NA,DTB,TRUE,W,SDo,Y,Y,AMH,04/06/2024,2 leaves taken; 1 small leaf; 1 medium leaf,DTB,NA,Y
TCB-05799,QUBR_2022_0465,TRUE,Good?,Green,0.067,tiny scattered white spots,NA,DTB,TRUE,E,NA,Y,Y,AMH,04/06/2024,NA,DTB,NA,Y
TCB-05803,QUBR_2022_0453,TRUE,Good,Green,0.116,NA,NA,DTB,TRUE,E,NA,Y,Y,AMH,04/06/2024,NA,DTB,NA,Y
TCB-05809,QUBR_2022_0462,TRUE,Good,Green,0.123,NA,NA,DTB,TRUE,E,NA,Y,Y,AMH,04/06/2024,3 leaves taken,DTB,NA,Y
TCB-05813,QUBR_2022_0473,TRUE,Good,Green,0.057,NA,NA,DTB,TRUE,E,NA,Y,Y,AMH,04/06/2024,NA,DTB,NA,Y
TCB-05814,QUBR_2022_0474,TRUE,Good,Green,0.117,NA,NA,DTB,TRUE,E,NA,Y,Y,AMH,04/06/2024,NA,DTB,NA,Y
TCB-05816,QUBR_2022_0477,TRUE,Good,Green,0.076,NA,NA,DTB,TRUE,E,SD,Y,Y,AMH,04/06/2024,3 leaves taken; small leaves,DTB,NA,Y
TCB-05818,QUBR_2022_0479,TRUE,Good,Green,0.04,NA,NA,DTB,TRUE,E,NA,Y,Y,AMH,04/06/2024,1 leaf taken,DTB,NA,Y
TCB-05820,QUBR_2022_0482,TRUE,Good,Green,0.052,NA,NA,DTB,TRUE,E,NA,Y,Y,AMH,04/06/2024,1 leaf taken,DTB,NA,Y
TCB-05821,QUBR_2022_0483,TRUE,Good,Green/Brown,0.087,NA,NA,DTB,TRUE,E,NA,Y,Y,AMH,04/06/2024,1 leaf taken,DTB,NA,Y
TCB-05822,QUBR_2022_0484,TRUE,1 Good; 1 Necrotic,Green,0.058,NA,NA,DTB,TRUE,E,EC,Y,Y,AMH,04/06/2024,NA,DTB,NA,Y
TCB-05825,QUBR_2022_0487,TRUE,Good,Green,0.069,NA,NA,DTB,TRUE,E,EC,Y,Y,AMH,04/06/2024,NA,DTB,NA,Y
TCB-05826,QUBR_2022_0488,TRUE,Good,Green,0.121,"2 oak leaves and 1 other leaf (very small, smooth margins, oblong)",NA,DTB,TRUE,E,NA,Y,Y,AMH,04/06/2024,NA,DTB,NA,Y
TCB-05827,QUBR_2022_0452,TRUE,Good,Green,0.092,NA,NA,DTB,TRUE,E,NA,Y,Y,AMH,04/06/2024,NA,DTB,NA,Y
TCB-05828,QUBR_2022_0456,TRUE,Good,Green,0.117,NA,NA,DTB,TRUE,W,SDo,Y,Y,AMH,04/06/2024,NA,DTB,NA,Y
TCB-05829,QUBR_2022_0457,TRUE,Good,Green,0.058,NA,NA,DTB,TRUE,E,NA,Y,Y,AMH,04/06/2024,NA,DTB,NA,Y
TCB-05830,QUBR_2022_0458,TRUE,Good,Green,0.115,NA,NA,DTB,TRUE,E,NA,Y,Y,AMH,04/06/2024,3 leaves taken,DTB,NA,Y
TCB-05832,QUBR_2022_0490,TRUE,Good,Green,0.157,NA,NA,DTB,TRUE,E,NA,Y,Y,AMH,04/06/2024,2 leaves taken; large leaves,DTB,NA,Y
TCB-05833,QUBR_2022_0491,TRUE,Good?,Green,0.064,NA,NA,DTB,TRUE,E,NA,Y,Y,AMH,04/06/2024,NA,DTB,NA,Y
TCB-05834,QUBR_2022_0492,TRUE,Good,Green,0.14,NA,NA,DTB,TRUE,E,NA,Y,Y,AMH,04/06/2024,NA,DTB,NA,Y
TCB-05838,QUBR_2022_0496,TRUE,Good,Green,0.044,NA,NA,DTB,TRUE,E,EC,Y,Y,AMH,04/06/2024,2 leaves taken; small leaves,DTB,NA,Y
TCB-05839,QUBR_2022_0497,TRUE,Good,Green,0.06,NA,NA,DTB,TRUE,E,NA,Y,Y,AMH,04/06/2024,1.5 leaves taken,DTB,NA,Y
TCB-05840,QUBR_2022_0498,TRUE,Good,Green,0.06,NA,NA,DTB,TRUE,E,NA,Y,Y,AMH,04/06/2024,1 leaf taken,DTB,NA,Y
TCB-05841,QUBR_2022_0500,TRUE,Good,Green,0.108,NA,NA,DTB,TRUE,E,NA,Y,Y,AMH,04/06/2024,NA,DTB,NA,Y
TCB-05842,QUBR_2022_0501,TRUE,Good,Green/Brown,0.046,NA,NA,DTB,TRUE,E,NA,Y,Y,AMH,04/06/2024,1 leaf taken,DTB,NA,Y
TCB-05846,QUBR_2022_0505,TRUE,Good,Green,0.11,NA,NA,DTB,TRUE,E,SD,Y,Y,AMH,04/06/2024,NA,DTB,NA,Y
TCB-05847,QUBR_2022_0507,TRUE,Good,Green,0.063,NA,NA,DTB,TRUE,E,NA,Y,Y,AMH,04/06/2024,NA,DTB,NA,Y
TCB-05848,QUBR_2022_0508,TRUE,Good,Green,0.051,NA,NA,DTB,TRUE,E,NA,Y,Y,AMH,04/06/2024,1 leaf taken,DTB,NA,Y
TCB-05849,QUBR_2022_0509,TRUE,Good,Green,0.094,NA,NA,DTB,TRUE,E,NA,Y,Y,AMH,04/06/2024,1.5 leaves taken,DTB,NA,Y
TCB-05850,QUBR_2022_0510,TRUE,Good?,Green,0.084,NA,NA,DTB,TRUE,E,NA,Y,Y,AMH,04/06/2024,1 leaf taken; big leaves,DTB,NA,Y
TCB-05851,QUBR_2022_0511,TRUE,Good,Green,0.098,NA,NA,DTB,TRUE,E,NA,Y,Y,AMH,04/06/2024,NA,DTB,NA,Y
TCB-05852,QUBR_2022_0512,TRUE,Good,Green,0.105,NA,NA,DTB,TRUE,E,NA,Y,Y,AMH,04/06/2024,NA,DTB,NA,Y
TCB-05854,QUBR_2022_0515,TRUE,Good,Green,0.1,NA,NA,DTB,TRUE,E,NA,Y,Y,AMH,04/06/2024,NA,DTB,NA,Y
TCB-05855,QUBR_2022_0517,TRUE,Good,Green,0.085,NA,NA,DTB,TRUE,E,EC,Y,Y,AMH,04/06/2024,1.5 leaves taken,DTB,NA,Y
TCB-05858,QUBR_2022_0536,TRUE,Good,Green,0.04,NA,NA,DTB,TRUE,E,NA,Y,Y,AMH,04/06/2024,1 leaf taken,DTB,NA,Y
TCB-05860,QUBR_2022_0538,TRUE,Good,Green/Brown,0.064,NA,NA,DTB,TRUE,N,LM,Y,Y,AMH,04/06/2024,1 leaf taken,DTB,NA,Y
TCB-05861,QUBR_2022_0542,TRUE,Good,Green,0.056,NA,NA,DTB,TRUE,W,LB,Y,Y,AMH,04/06/2024,NA,DTB,NA,Y
TCB-05862,QUBR_2022_0543,TRUE,Good?,Green,0.045,NA,NA,DTB,TRUE,E,EC,Y,Y,AMH,04/06/2024,1 leaf taken,DTB,NA,Y
TCB-05863,QUBR_2022_0545,TRUE,Good,Green,0.073,NA,NA,DTB,TRUE,W,LB,Y,Y,AMH,04/06/2024,NA,DTB,NA,Y
TCB-05864,QUBR_2022_0547,TRUE,Good,Green,0.054,NA,NA,DTB,TRUE,E,NA,Y,Y,AMH,04/06/2024,2 leaves taken; small leaves,DTB,NA,Y
TCB-05866,QUBR_2022_0550,TRUE,Good,Green,0.06,NA,NA,DTB,TRUE,E,NA,Y,Y,AMH,04/06/2024,1 leaf taken; small leaves,DTB,NA,Y
TCB-05869,QUBR_2022_0612,TRUE,Good,Green,0.058,NA,NA,DTB,TRUE,N,NA,Y,Y,AMH,04/06/2024,1 leaf taken,DTB,NA,Y
TCB-05872,QUBR_2022_0609,TRUE,1 Good; 1 Moldy,Green,0.093,NA,NA,DTB,TRUE,E,NA,Y,Y,AMH,04/06/2024,NA,DTB,NA,Y
TCB-05874,QUBR_2022_0607,TRUE,Good,Green,0.059,NA,NA,DTB,TRUE,E,NA,Y,Y,AMH,04/06/2024,1 leaf taken,DTB,NA,Y
TCB-05875,QUBR_2022_0605,TRUE,Good,Green,0.121,NA,NA,DTB,TRUE,N,LM,Y,Y,AMH,04/06/2024,1.5 leaves taken,DTB,NA,Y
TCB-05876,QUBR_2022_0604,TRUE,Good,Green,0.048,NA,NA,DTB,TRUE,N,LC,Y,Y,AMH,04/06/2024,1 leaf taken,DTB,NA,Y
TCB-05879,QUBR_2022_0562,TRUE,Good,Green,0.044,NA,NA,DTB,TRUE,E,NA,Y,Y,AMH,04/06/2024,1 leaf taken,DTB,NA,Y
TCB-05881,QUBR_2022_0551,TRUE,Good,Green,0.119,NA,NA,DTB,TRUE,E,NA,Y,Y,AMH,04/06/2024,NA,DTB,NA,Y
TCB-05885,QUBR_2022_0561,TRUE,Good,Green,0.06,NA,NA,DTB,TRUE,N,LM,Y,Y,AMH,04/06/2024,NA,DTB,NA,Y
TCB-05887,QUBR_2022_0554,TRUE,Good,Green,0.103,NA,NA,DTB,TRUE,E,NA,Y,Y,AMH,04/06/2024,NA,DTB,NA,Y
TCB-05888,QUBR_2022_0576,TRUE,Good,Green,0.07,NA,NA,DTB,TRUE,N,LM,Y,Y,AMH,04/06/2024,1 leaf taken,DTB,NA,Y
TCB-05890,QUBR_2022_0591,TRUE,Good?,Green/Black,0.155,NA,NA,DTB,TRUE,E,NA,Y,Y,AMH,04/06/2024,2 leaves taken; big leaves,DTB,NA,Y
TCB-05892,QUBR_2022_0594,TRUE,Good,Green,0.064,NA,NA,DTB,TRUE,N,LM,Y,Y,AMH,04/06/2024,1.5 leaves taken,DTB,NA,Y
TCB-05893,QUBR_2022_0596,TRUE,1 Good; 1 Moldy,Green,0.093,1/2 with white mold spores,NA,DTB,TRUE,W,NA,Y,Y,AMH,04/06/2024,NA,DTB,NA,Y
TCB-05899,QUBR_2022_0616,TRUE,Good,Green,0.096,NA,NA,DTB,TRUE,N,LM,Y,Y,AMH,04/06/2024,NA,DTB,NA,Y
TCB-05900,QUBR_2022_0615,TRUE,Good,Green,0.125,NA,NA,DTB,TRUE,N,LC,Y,Y,AMH,04/06/2024,1.5 leaves taken; big leaves,DTB,NA,Y
TCB-05904,QUBR_2022_0573,TRUE,Good,Green,0.11,NA,NA,DTB,TRUE,N,LM,Y,Y,AMH,04/06/2024,NA,DTB,NA,Y
TCB-05905,QUBR_2022_0588,TRUE,Good,Green,0.06,NA,NA,DTB,TRUE,E,NA,Y,Y,AMH,04/06/2024,NA,DTB,NA,Y
TCB-05906,QUBR_2022_0555,TRUE,Good,Green,0.051,NA,NA,DTB,TRUE,E,NA,Y,Y,AMH,04/06/2024,1 leaf taken,DTB,NA,Y
TCB-05909,QUBR_2022_0584,TRUE,Good,Green,0.108,brown splotches,NA,DTB,TRUE,E,NA,Y,Y,AMH,04/06/2024,NA,DTB,NA,Y
TCB-05910,QUBR_2022_0559,TRUE,Good,Green,0.063,NA,NA,DTB,TRUE,E,NA,Y,Y,AMH,04/06/2024,NA,DTB,NA,Y
TCB-05912,QUBR_2022_0566,TRUE,Good,Green,0.08,NA,NA,DTB,TRUE,E,NA,Y,Y,AMH,04/06/2024,NA,DTB,NA,Y
TCB-05916,QUBR_2022_0581,TRUE,Good,Green,0.058,NA,NA,DTB,TRUE,N,NA,Y,Y,AMH,04/06/2024,NA,DTB,NA,Y
TCB-05917,QUBR_2022_0585,TRUE,Good,Green,0.097,NA,NA,DTB,TRUE,E,NA,Y,Y,AMH,04/06/2024,1 leaf taken; big leaves,DTB,NA,Y
TCB-05922,QUBR_2022_0617,TRUE,Good,Green,0.136,NA,NA,DTB,TRUE,N,LM,Y,Y,AMH,04/06/2024,2 leaves taken,DTB,NA,Y
TCB-05923,QUBR_2022_0619,TRUE,1 Good; 1 Necrotic,Green,0.064,NA,NA,DTB,TRUE,E,SD,Y,Y,GS,04/06/2024,NA,DTB,NA,Y
TCB-05925,QUBR_2022_0621,TRUE,Good,Green/Brown,0.045,NA,NA,DTB,TRUE,N,LM,Y,Y,GS,04/06/2024,1 leaf taken,DTB,"Notes say that 1 leaf was taken, but Env 1 and Env 2 columns are not checked off",Y
TCB-05931,QUBR_2022_0628,TRUE,Good,Green/Brown,0.042,NA,NA,DTB,TRUE,E,NA,Y,Y,GS,04/06/2024,1 leaf taken,DTB,NA,Y
TCB-05932,QUBR_2022_0629,TRUE,Good,Green,0.088,NA,NA,DTB,TRUE,E,NA,Y,Y,GS,04/06/2024,NA,DTB,NA,Y
TCB-05935,QUBR_2022_0632,TRUE,Good,Green,0.053,NA,NA,DTB,TRUE,E,NA,Y,Y,GS,04/06/2024,1 leaf taken,DTB,NA,Y
TCB-05936,QUBR_2022_0633,TRUE,1 Good; 1 Necrotic?,Green/Black,0.046,NA,NA,DTB,TRUE,E,NA,Y,Y,GS,04/06/2024,NA,DTB,NA,Y
TCB-05939,QUBR_2022_0638,TRUE,Good,Green,0.055,NA,NA,DTB,TRUE,E,NA,Y,Y,GS,04/06/2024,1 leaf taken,DTB,NA,Y
TCB-05945,QUBR_2022_0644,TRUE,Good,Green,0.042,NA,NA,DTB,TRUE,E,NA,Y,Y,GS,04/06/2024,1 leaf taken,DTB,NA,Y
TCB-05953,QUBR_2022_0655,TRUE,Good,Green,0.075,NA,NA,DTB,TRUE,E,NA,Y,Y,AK,04/06/2024,1 leaf taken,DTB,NA,Y
TCB-05954,QUBR_2022_0656,TRUE,Good,Green,0.042,NA,NA,DTB,TRUE,N,NA,Y,Y,AK,04/06/2024,1 leaf taken,DTB,NA,Y
TCB-05959,QUBR_2022_0664,TRUE,Good,Green,0.072,NA,NA,DTB,TRUE,E,NA,Y,Y,AK,04/06/2024,NA,DTB,NA,Y
TCB-05961,QUBR_2022_0666,TRUE,Good,Green,0.11,NA,NA,DTB,TRUE,E,NA,Y,Y,AK,04/06/2024,NA,DTB,NA,Y
TCB-05964,QUBR_2022_0684,TRUE,Good,Green,0.082,NA,NA,DTB,TRUE,E,NA,Y,Y,AK,04/06/2024,NA,DTB,NA,Y
TCB-05966,QUBR_2022_0686,TRUE,Good,Green,0.059,NA,NA,DTB,TRUE,E,NA,Y,Y,AK,04/06/2024,NA,DTB,NA,Y
TCB-05967,QUBR_2022_0687,TRUE,Good,Green,0.071,NA,NA,DTB,TRUE,E,NA,Y,Y,AK,04/06/2024,NA,DTB,NA,Y
TCB-05970,QUBR_2022_0669,TRUE,Good,Green,0.05,NA,NA,DTB,TRUE,E,SD,Y,Y,AK,04/06/2024,1 leaf taken,DTB,NA,Y
TCB-05974,QUBR_2022_0673,TRUE,Good,Green,0.04,NA,NA,DTB,TRUE,W,NA,Y,Y,AK,04/06/2024,1 leaf taken,DTB,NA,Y
TCB-05975,QUBR_2022_0674,TRUE,Good,Green,0.057,NA,NA,DTB,TRUE,E,NA,Y,Y,AK,04/06/2024,NA,DTB,NA,Y
TCB-05978,QUBR_2022_0678,TRUE,Good,Green,0.047,NA,NA,DTB,TRUE,E,NA,Y,Y,AK,04/06/2024,1 leaf taken,DTB,NA,Y
TCB-05980,QUBR_2022_0681,TRUE,Good,Green,0.074,NA,NA,DTB,TRUE,E,NA,Y,Y,AK,04/06/2024,NA,DTB,NA,Y
TCB-05981,QUBR_2022_0682,TRUE,Good?,Green,0.062,NA,NA,DTB,TRUE,E,NA,Y,Y,AK,04/06/2024,NA,DTB,NA,Y
TCB-05982,QUBR_2022_0683,TRUE,Good,Green,0.044,NA,NA,DTB,TRUE,E,NA,Y,Y,AK,04/06/2024,NA,DTB,NA,Y
TCB-05983,QUBR_2022_0688,TRUE,Good,Green,0.065,NA,NA,DTB,TRUE,E,SD,Y,Y,AK,04/06/2024,NA,DTB,NA,Y
TCB-05988,QUBR_2022_0695,TRUE,Good,Green,0.069,NA,NA,DTB,TRUE,E,NA,Y,Y,AK,04/06/2024,1 leaf taken,DTB,NA,Y
TCB-05991,QUBR_2022_0698,TRUE,Good,Green/Brown,0.07,NA,NA,DTB,TRUE,E,NA,Y,Y,AK,04/06/2024,NA,DTB,NA,Y
TCB-05997,QUBR_2022_0705,TRUE,Good,Green,0.06,NA,NA,DTB,TRUE,N,NA,Y,Y,AK,04/06/2024,1 leaf taken,DTB,NA,Y
TCB-06001,QUBR_2022_0711,TRUE,Good,Green,0.05,NA,NA,DTB,TRUE,E,NA,Y,Y,AK,04/06/2024,NA,DTB,NA,Y
TCB-06002,QUBR_2022_0714,TRUE,Good,Green,0.059,NA,NA,DTB,TRUE,E,EC,Y,Y,AK,04/06/2024,NA,DTB,NA,Y
TCB-06003,QUBR_2022_0715,TRUE,Good,Green,0.126,NA,NA,DTB,TRUE,E,NA,Y,Y,AK,04/06/2024,NA,DTB,NA,Y
TCB-06008,QUBR_2022_0723,TRUE,Good,Green/Brown,0.041,NA,NA,DTB,TRUE,E,NA,Y,Y,AK,04/06/2024,NA,DTB,NA,Y
TCB-06015,QUBR_2022_0732,TRUE,Good,Green/Brown,0.08,small brown spots,NA,DTB,TRUE,E,NA,Y,Y,AK,04/06/2024,1 leaf taken,DTB,NA,Y
TCB-06017,QUBR_2022_0734,TRUE,Good,Green,0.077,NA,NA,DTB,TRUE,N,LC,Y,Y,AK,04/06/2024,NA,DTB,NA,Y
TCB-06020,QUBR_2022_0739,TRUE,Good,Green,0.059,NA,NA,DTB,TRUE,E,NA,Y,Y,AK,04/06/2024,NA,DTB,NA,Y
TCB-06022,QUBR_2022_0745,TRUE,Good,Green,0.04,NA,NA,DTB,TRUE,E,NA,Y,Y,AK,04/06/2024,NA,DTB,NA,Y
TCB-06023,QUBR_2022_0747,TRUE,Good,Green,0.057,NA,NA,DTB,TRUE,W,SDo,Y,Y,AK,04/06/2024,NA,DTB,NA,Y
TCB-06028,QUBR_2022_0753,TRUE,1 Good/1 Necrotic?,Green/Black,0.069,necrotic leaf is dark green/black with several white patches,NA,DTB,TRUE,E,NA,Y,Y,AK,04/06/2024,NA,DTB,NA,Y
TCB-06030,QUBR_2022_0756,TRUE,Good,Green,0.062,NA,NA,DTB,TRUE,E,NA,Y,Y,AK,04/06/2024,NA,DTB,NA,Y
TCB-06031,QUBR_2022_0757,TRUE,Good,Green,0.076,NA,NA,DTB,TRUE,E,NA,Y,Y,AK,04/06/2024,NA,DTB,NA,Y
TCB-06032,QUBR_2022_0758,TRUE,Good,Green,0.096,NA,NA,DTB,TRUE,E,NA,Y,Y,AK,04/06/2024,NA,DTB,NA,Y
TCB-06034,QUBR_2022_0761,TRUE,Good,Green,0.049,NA,NA,DTB,TRUE,N,LM,Y,Y,AK,04/06/2024,1 leaf taken,DTB,NA,Y
TCB-06035,QUBR_2022_0762,TRUE,Good,Green,0.057,NA,NA,DTB,TRUE,E,NA,Y,Y,AK,04/06/2024,NA,DTB,NA,Y
TCB-06036,QUBR_2022_0763,TRUE,Good,Green,0.125,NA,NA,DTB,TRUE,E,NA,Y,Y,AK,04/06/2024,NA,DTB,NA,Y
TCB-06037,QUBR_2022_0765,TRUE,Good,Green,0.067,NA,NA,DTB,TRUE,W,SDo,Y,Y,AK,04/06/2024,NA,DTB,NA,Y
TCB-06038,QUBR_2022_0766,TRUE,Good,Green,0.065,NA,NA,DTB,TRUE,E,NA,Y,Y,AK,04/06/2024,NA,DTB,NA,Y
TCB-06039,QUBR_2022_0767,TRUE,Good,Green,0.097,NA,NA,DTB,TRUE,E,NA,Y,Y,AK,04/06/2024,NA,DTB,NA,Y
TCB-06040,QUBR_2022_0769,TRUE,Good,Green,0.052,NA,NA,DTB,TRUE,E,NA,Y,Y,AK,04/06/2024,NA,DTB,NA,Y
TCB-06042,QUBR_2022_0771,TRUE,Good?,Green/Brown,0.045,NA,NA,DTB,TRUE,E,NA,Y,Y,AK,04/06/2024,NA,DTB,NA,Y
TCB-06043,QUBR_2022_0772,TRUE,Good,Green/Brown,0.075,NA,NA,DTB,TRUE,E,NA,Y,Y,AK,04/06/2024,NA,DTB,NA,Y
TCB-06045,QUBR_2022_0775,TRUE,Good,Green,0.076,NA,NA,DTB,TRUE,E,NA,Y,Y,AK,04/06/2024,NA,DTB,NA,Y
TCB-06046,QUBR_2022_0776,TRUE,Good?,Green,0.061,NA,NA,DTB,TRUE,E,NA,Y,Y,AK,04/06/2024,1 leaf taken,DTB,NA,Y
TCB-06047,QUBR_2022_0777,TRUE,Good,Green,0.086,NA,NA,DTB,TRUE,E,NA,Y,Y,AK,04/06/2024,NA,DTB,NA,Y
TCB-06048,QUBR_2022_0778,TRUE,Good,Green,0.052,NA,NA,DTB,TRUE,E,NA,Y,Y,AK,04/06/2024,1 leaf taken,DTB,NA,Y
TCB-06053,QUBR_2022_0954,TRUE,Good,Green,0.07,NA,NA,DTB,TRUE,E,NA,Y,Y,AMH,04/06/2024,NA,DTB,NA,Y
TCB-06055,QUBR_2022_0956,TRUE,Good,Green,0.12,NA,NA,DTB,TRUE,N,NA,Y,Y,AMH,04/06/2024,NA,DTB,NA,Y
TCB-06057,QUBR_2022_0958,TRUE,Good,Green,0.11,NA,NA,DTB,TRUE,N,NA,Y,Y,AMH,04/06/2024,1 leaf collected; big leaves,DTB,NA,Y
TCB-06058,QUBR_2022_0959,TRUE,1 Good; 1 Necrotic?,Green,0.12,1/2 darker green color,NA,DTB,TRUE,E,NA,Y,Y,AMH,04/06/2024,NA,DTB,NA,Y
TCB-06060,QUBR_2022_0963,TRUE,Good,Green,0.132,NA,NA,DTB,TRUE,N,LM,Y,Y,AMH,04/06/2024,NA,DTB,NA,Y
TCB-06061,QUBR_2022_0964,TRUE,Good,Green,0.114,NA,NA,DTB,TRUE,E,NA,Y,Y,AMH,04/06/2024,NA,DTB,NA,Y
TCB-06063,QUBR_2022_0966,TRUE,Good,Green,0.073,NA,NA,DTB,TRUE,E,SD,Y,Y,AMH,04/07/2024,NA,DTB,NA,Y
TCB-06066,QUBR_2022_0969,TRUE,Good,Green,0.109,NA,NA,DTB,TRUE,E,SD,Y,Y,AMH,04/07/2024,NA,DTB,NA,Y
TCB-06067,QUBR_2022_0972,TRUE,Good,Green,0.119,NA,NA,DTB,TRUE,E,NA,Y,Y,AMH,04/07/2024,NA,DTB,NA,Y
TCB-06068,QUBR_2022_0973,TRUE,Good,Green,0.049,NA,NA,DTB,TRUE,E,NA,Y,N,AMH,04/07/2024,2 leaves taken; small leaves,DTB,NA,Y
TCB-06071,QUBR_2022_0976,TRUE,1 Good; 1 Moldy?,Green,0.112,NA,NA,DTB,TRUE,E,NA,Y,Y,AMH,04/07/2024,NA,DTB,NA,Y
TCB-06072,QUBR_2022_0977,TRUE,Good,Green,0.081,NA,NA,DTB,TRUE,E,NA,Y,Y,AMH,04/07/2024,NA,DTB,NA,Y
TCB-06076,QUBR_2022_0981,TRUE,Good,Green,0.045,NA,NA,DTB,TRUE,E,SD,Y,Y,AMH,04/07/2024,1 leaf taken,DTB,NA,Y
TCB-06077,QUBR_2022_0982,TRUE,Good,Green,0.08,NA,NA,DTB,TRUE,W,NA,Y,Y,AMH,04/07/2024,NA,DTB,NA,Y
TCB-06078,QUBR_2022_0984,TRUE,Good,Green,0.055,NA,NA,DTB,TRUE,N,LM,Y,Y,AMH,04/07/2024,1 leaf taken,DTB,NA,Y
TCB-06079,QUBR_2022_0985,TRUE,Good,Green,0.043,NA,NA,DTB,TRUE,E,SD,Y,Y,AMH,04/07/2024,1 leaf taken,DTB,NA,Y
TCB-06080,QUBR_2022_0986,TRUE,Good?,Green,0.078,white splotches,NA,DTB,TRUE,W,LB,Y,Y,AMH,04/07/2024,NA,DTB,NA,Y
TCB-06082,QUBR_2022_0989,TRUE,Good,Green,0.056,NA,NA,DTB,TRUE,E,EC,Y,Y,AMH,04/07/2024,1 leaf taken,DTB,NA,Y
TCB-06087,QUBR_2022_0995,TRUE,Good,Green,0.116,NA,NA,DTB,TRUE,E,NA,Y (stick),Y,AMH,04/07/2024,NA,DTB,NA,Y
TCB-06088,QUBR_2022_0996,TRUE,Good,Green,0.071,some white splotches,NA,DTB,TRUE,N,EC,Y (stick),Y,AMH,04/07/2024,NA,DTB,Region and Site codes do not match up (N and EC),Y
TCB-06089,QUBR_2022_0998,TRUE,Good?,Green,0.056,white splotches with some brown tissue at bottom of leaf,NA,DTB,TRUE,E,SD,Y (stick),Y,AMH,04/07/2024,1 leaf taken,DTB,NA,Y
TCB-06091,QUBR_2022_1010,TRUE,Good,Green,0.115,NA,NA,DTB,TRUE,E,NA,Y (stick),Y,AMH,04/07/2024,NA,DTB,NA,Y
TCB-06094,QUBR_2022_1013,TRUE,Good,Green,0.116,NA,NA,DTB,TRUE,W,SDo,Y (stick),Y,AMH,04/07/2024,NA,DTB,NA,Y
TCB-06097,QUBR_2022_1017,TRUE,Good?,Green,0.05,white splotches,NA,DTB,TRUE,N,NA,Y,Y,AMH,04/07/2024,1 leaf collected,DTB,NA,Y
TCB-06098,QUBR_2022_1018,TRUE,Good?,Green/Brown,0.053,tips of leaves are brown; white splotches,NA,DTB,TRUE,N,LM,Y,Y,AMH,04/07/2024,2 leaves collected; small leaves,DTB,NA,Y
TCB-06102,QUBR_2022_1022,TRUE,Good,Green,0.046,NA,NA,DTB,TRUE,E,EC,Y,Y,AMH,04/07/2024,1 leaf collected,DTB,NA,Y
TCB-06103,QUBR_2022_1023,TRUE,Good?,Green,0.106,white and brown patches,NA,DTB,TRUE,N,NA,Y,Y,AMH,04/07/2024,NA,DTB,NA,Y
TCB-06104,QUBR_2022_1024,TRUE,Good?,Green,0.088,scattered white patches,NA,DTB,TRUE,E,EC,Y,Y,AMH,04/07/2024,NA,DTB,NA,Y
TCB-06107,QUBR_2022_1027,TRUE,Good?,Green,0.154,white splotches,NA,DTB,TRUE,N,NA,Y,Y,AMH,04/07/2024,2 leaves collected; big leaves,DTB,NA,Y
TCB-06108,QUBR_2022_1028,TRUE,Good,Green,0.139,NA,NA,DTB,TRUE,N,NA,Y,Y,AMH,04/07/2024,NA,DTB,NA,Y
TCB-06114,QUBR_2022_1053,TRUE,Good?,Green,0.061,white splotches and black spots,NA,DTB,TRUE,W,NA,Y,Y,AMH,04/08/2024,NA,DTB,NA,Y
TCB-06116,QUBR_2022_1056,TRUE,Good,Green,0.137,NA,NA,DTB,TRUE,E,NA,Y,Y,AMH,04/08/2024,NA,DTB,NA,Y
TCB-06118,QUBR_2022_1058,TRUE,Good,Green,0.068,NA,NA,DTB,TRUE,E,NA,Y,Y,AMH,04/08/2024,1 leaf collected,DTB,NA,Y
TCB-06121,QUBR_2022_1071,TRUE,Good,Green,0.118,large brown/gray patch,NA,DTB,TRUE,N,LC,Y,Y,AMH,04/08/2024,NA,DTB,NA,Y
TCB-06122,QUBR_2022_1072,TRUE,Good,Green,0.073,NA,NA,DTB,TRUE,E,NA,Y,Y,AMH,04/08/2024,1 leaf collected,DTB,NA,Y
TCB-06123,QUBR_2022_1073,TRUE,Good,Green,0.074,NA,NA,DTB,TRUE,E,NA,Y,Y,AMH,04/08/2024,NA,DTB,NA,Y
TCB-06131,QUBR_2022_1094,TRUE,Good,Green,0.112,NA,NA,DTB,TRUE,E,NA,Y,Y,AMH,04/08/2024,NA,DTB,NA,Y
TCB-06135,QUBR_2022_0902,TRUE,Good,Green,0.053,NA,NA,DTB,TRUE,N,NA,Y,Y,AK,04/07/2024,NA,DTB,NA,Y
TCB-06136,QUBR_2022_0903,TRUE,Good,Green,0.158,NA,NA,DTB,TRUE,N,LC,Y,Y,AK,04/07/2024,1.5 leaves collected,DTB,NA,Y
TCB-06137,QUBR_2022_0905,TRUE,Good,Green,0.144,NA,NA,DTB,TRUE,N,NA,Y,Y,AK,04/07/2024,NA,DTB,NA,Y
TCB-06139,QUBR_2022_0907,TRUE,Good,Green,0.083,NA,NA,DTB,TRUE,N,NA,Y,Y,AK,04/07/2024,NA,DTB,NA,Y
TCB-06141,QUBR_2022_0910,TRUE,Good,Green,0.13,NA,NA,DTB,TRUE,N,LC,Y,Y,AK,04/07/2024,3 leaves collected,DTB,NA,Y
TCB-06142,QUBR_2022_0911,TRUE,1 Good; 1 Necrotic?,Green,0.072,NA,NA,DTB,TRUE,N,LC,Y,Y,AMH,04/06/2024,NA,DTB,NA,Y
TCB-06146,QUBR_2022_0915,TRUE,1 Good; 1 Necrotic?,Green,0.047,NA,NA,DTB,TRUE,E,NA,Y,Y,AMH,04/06/2024,NA,DTB,NA,Y
TCB-06147,QUBR_2022_0917,TRUE,1 Good; 1 Moldy,Green,0.13,NA,NA,DTB,TRUE,W,NA,Y,Y,AMH,04/06/2024,1.5 leaves collected,DTB,NA,Y
TCB-06148,QUBR_2022_0918,TRUE,Good,Green,0.089,some insects on the back of 1/2 leaves,NA,DTB,TRUE,E,NA,Y,Y,AMH,04/06/2024,NA,DTB,NA,Y
TCB-06150,QUBR_2022_0920,TRUE,Good,Green,0.047,NA,NA,DTB,TRUE,E,NA,Y,Y,AMH,04/06/2024,NA,DTB,NA,Y
TCB-06152,QUBR_2022_0923,TRUE,Good,Green,0.084,NA,NA,DTB,TRUE,E,NA,Y,Y,AMH,04/06/2024,1 leaf collected; small leaves,DTB,NA,Y
TCB-06154,QUBR_2022_0926,TRUE,Good,Green,0.087,NA,NA,DTB,TRUE,W,SDo,Y,Y,AMH,04/06/2024,NA,DTB,NA,Y
TCB-06156,QUBR_2022_0928,TRUE,Good,Green,0.13,NA,NA,DTB,TRUE,E,NA,Y,Y,AMH,04/06/2024,NA,DTB,NA,Y
TCB-06160,QUBR_2022_0934,TRUE,Good,Green,0.113,NA,NA,DTB,TRUE,E,NA,Y,Y,AMH,04/06/2024,NA,DTB,NA,Y
TCB-06164,QUBR_2022_0938,TRUE,Good,Green,0.059,NA,NA,DTB,TRUE,E,NA,Y,Y,AMH,04/06/2024,1.5 leaves collected,DTB,NA,Y
TCB-06165,QUBR_2022_0942,TRUE,Good,Green,0.055,NA,NA,DTB,TRUE,E,NA,Y,Y,AMH,04/06/2024,NA,DTB,NA,Y
TCB-06169,QUBR_2022_0947,TRUE,Good,Green,0.109,NA,NA,DTB,TRUE,E,NA,Y,Y,AMH,04/06/2024,1.5 leaves collected,DTB,NA,Y
TCB-06171,QUBR_2022_0951,TRUE,Good,Green,0.158,NA,NA,DTB,TRUE,E,NA,Y,Y,AMH,04/06/2024,NA,DTB,NA,Y
TCB-06172,QUBR_2022_0952,TRUE,1 Good; 1 Necrotic,Green,0.114,NA,NA,DTB,TRUE,W,LB,Y,Y,AMH,04/06/2024,1.5 leaves collected,DTB,NA,Y
TCB-06174,QUBR_2022_1001,TRUE,Good,Green,0.101,NA,NA,DTB,TRUE,N,LM,Y (stick),Y,AMH,04/07/2024,NA,DTB,NA,Y
TCB-06176,QUBR_2022_1009,TRUE,Good,Green,0.096,NA,NA,DTB,TRUE,E,EC,Y (stick),Y,AMH,04/07/2024,NA,DTB,NA,Y
TCB-06178,QUBR_2022_1007,TRUE,Good?,Green/Brown,0.041,white lines on back of leaf tissue,NA,DTB,TRUE,E,NA,Y (stick),Y,AMH,04/07/2024,1 leaf collected,DTB,NA,Y
TCB-06180,QUBR_2022_1005,TRUE,Good,Green,0.154,NA,NA,DTB,TRUE,E,NA,Y (stick),Y,AMH,04/07/2024,3 leaves collected,DTB,NA,Y
TCB-06183,QUBR_2022_1078,TRUE,Good,Green,0.119,NA,NA,DTB,TRUE,E,NA,Y,Y,AMH,04/08/2024,NA,DTB,NA,Y
TCB-06185,QUBR_2022_1089,TRUE,Good,Green,0.1,NA,NA,DTB,TRUE,E,NA,Y,Y,AMH,04/08/2024,NA,DTB,NA,Y
TCB-06188,QUBR_2022_1092,TRUE,Good,Green,0.059,NA,NA,DTB,TRUE,E,NA,Y,Y,AMH,04/08/2024,1 leaf collected,DTB,NA,Y
TCB-06191,QUBR_2022_1082,TRUE,Good,Green,0.131,NA,NA,DTB,TRUE,W,NA,Y,Y,AMH,04/08/2024,NA,DTB,NA,Y
TCB-06192,QUBR_2022_1086,TRUE,Good?,Green/Brown,0.087,darker tissue with spots,NA,DTB,TRUE,E,NA,Y,Y,AMH,04/08/2024,NA,DTB,NA,Y
TCB-06195,QUBR_2022_1084,TRUE,Good,Green,0.176,NA,NA,DTB,TRUE,E,NA,Y,Y,AMH,04/08/2024,NA,DTB,NA,Y
TCB-06196,QUBR_2022_1103,TRUE,Good,Green,0.08,NA,NA,DTB,TRUE,E,SD,Y,Y,AMH,04/08/2024,NA,DTB,NA,Y
TCB-06197,QUBR_2022_1116,TRUE,Good,Green,0.131,white splotches,NA,DTB,TRUE,E,NA,Y,Y,AMH,04/08/2024,NA,DTB,NA,Y
TCB-06198,QUBR_2022_1102,TRUE,Good,Green,0.09,NA,NA,DTB,TRUE,W,NA,Y,Y,AMH,04/08/2024,NA,DTB,NA,Y
TCB-06199,QUBR_2022_1105,TRUE,Good,Green,0.066,NA,NA,DTB,TRUE,N,LC,Y,Y,AMH,04/08/2024,2 leaves collected; small leaves,DTB,NA,Y
TCB-06200,QUBR_2022_1113,TRUE,Good?,Green,0.14,lots of small white dots,NA,DTB,TRUE,E,NA,Y,Y,AMH,04/08/2024,1.5 leaves taken,DTB,NA,Y
TCB-06202,QUBR_2022_1115,TRUE,Good,Green,0.171,NA,NA,DTB,TRUE,E,NA,Y,Y,AMH,04/08/2024,NA,DTB,NA,Y
TCB-06203,QUBR_2022_1118,TRUE,Good,Green,0.091,one leaf with white splotches,NA,DTB,TRUE,E,NA,Y,Y,AMH,04/08/2024,NA,DTB,NA,Y
TCB-06205,QUBR_2022_1120,TRUE,Good,Green,0.132,NA,NA,DTB,TRUE,E,NA,Y,Y,AMH,04/08/2024,NA,DTB,NA,Y
TCB-06206,QUBR_2022_1122,TRUE,Good,Green,0.196,NA,NA,DTB,TRUE,E,NA,Y,Y,AMH,04/08/2024,2 leaves taken; big leaves,DTB,NA,Y
TCB-06209,QUBR_2022_1077,TRUE,Good,Green,0.044,NA,NA,DTB,TRUE,E,NA,Y,Y,AMH,04/08/2024,1.5 leaves collected,DTB,NA,Y
TCB-06210,QUBR_2022_1034,TRUE,Good?,Green,0.088,yellow/brown spot on one leaf,NA,DTB,TRUE,N,LM,Y,Y,AMH,04/07/2024,NA,DTB,NA,Y
TCB-06212,QUBR_2022_1110,TRUE,Good?,Green/Black,0.094,white splotches,NA,DTB,TRUE,E,NA,Y,Y,AMH,04/08/2024,1 leaf taken,DTB,NA,Y
TCB-06215,QUBR_2022_1041,TRUE,Good,Green,0.116,NA,NA,DTB,TRUE,E,NA,Y,Y,AMH,04/07/2024,NA,DTB,NA,Y
TCB-06217,QUBR_2022_1043,TRUE,Good,Green,0.121,NA,NA,DTB,TRUE,E,NA,Y,Y,AMH,04/07/2024,NA,DTB,NA,Y
TCB-06219,QUBR_2022_1045,TRUE,Good,Green,0.129,NA,NA,DTB,TRUE,E,NA,Y,Y,AMH,04/07/2024,NA,DTB,NA,Y
TCB-06220,QUBR_2022_1047,TRUE,Good,Green,0.049,NA,NA,DTB,TRUE,E,NA,Y,Y,AMH,04/07/2024,1 leaf collected,DTB,NA,Y
TCB-06222,QUBR_2022_1049,TRUE,Good?,Green,0.1,scattered tiny white spots,NA,DTB,TRUE,E,NA,Y,Y,AMH,04/07/2024,NA,DTB,NA,Y
TCB-06223,QUBR_2022_1101,TRUE,Good,Green,0.109,NA,NA,DTB,TRUE,E,EC,Y,Y,AMH,04/08/2024,NA,DTB,NA,Y
TCB-06224,QUBR_2022_1104,TRUE,Good,Green,0.04,NA,NA,DTB,TRUE,N,LC,Y,Y,AMH,04/08/2024,1 leaf collected; big plant but bad leaves,DTB,NA,Y
TCB-06226,QUBR_2022_1108,TRUE,Good,Green,0.09,NA,NA,DTB,TRUE,N,NA,Y,Y,AMH,04/08/2024,3 leaves taken; small leaves,DTB,NA,Y
TCB-06227,QUBR_2022_1108B,TRUE,Good?,Green/Brown,0.043,1/2 dark margins,NA,DTB,TRUE,NA,NA,NA,NA,NA,NA,NA,NA,NA,NA
TCB-06228,QUBR_2022_1112,TRUE,Good,Green,0.177,NA,NA,DTB,TRUE,E,NA,Y,Y,AMH,04/08/2024,NA,DTB,NA,Y
TCB-06230,QUBR_2022_1051,TRUE,Good,Green,0.056,NA,NA,DTB,TRUE,E,EC,Y,Y,AMH,04/07/2024,NA,DTB,NA,Y
TCB-06231,QUBR_2022_1052,TRUE,Good,Green,0.048,NA,NA,DTB,TRUE,E,SD,Y,Y,AMH,04/07/2024,1 leaf collected,DTB,NA,Y
TCB-06232,QUBR_2022_1054,TRUE,Good,Green,0.099,NA,NA,DTB,TRUE,W,SDo,Y,Y,AMH,04/08/2024,NA,DTB,NA,Y
TCB-06233,QUBR_2022_1059,TRUE,Good,Green,0.05,NA,NA,DTB,TRUE,E,NA,Y,Y,AMH,04/08/2024,1 leaf collected,DTB,NA,Y
TCB-06234,QUBR_2022_1060,TRUE,Good?,Green/Brown,0.112,1/2 white splotches; 1/2 brown spots,NA,DTB,TRUE,E,NA,Y,Y,AMH,04/08/2024,1.5 leaves collected,DTB,NA,Y
TCB-06237,QUBR_2022_1065,TRUE,Good,Green,0.136,NA,NA,DTB,TRUE,N,NA,Y,Y,AMH,04/08/2024,NA,DTB,NA,Y
TCB-06239,QUBR_2022_1067,TRUE,Good,Green,0.111,NA,NA,DTB,TRUE,E,SD,Y,Y,AMH,04/08/2024,NA,DTB,NA,Y
TCB-06240,QUBR_2022_1068,TRUE,Good,Green,0.071,NA,NA,DTB,TRUE,N,LM,Y,Y,AMH,04/08/2024,1 leaf collected,DTB,NA,Y
TCB-06241,QUBR_2022_1075,TRUE,Good,Green,0.143,NA,NA,DTB,TRUE,E,NA,Y,Y,AMH,04/08/2024,2 leaves collected; big leaves,DTB,NA,Y
TCB-06245,QUBR_2022_1098,TRUE,Good,Green,0.078,NA,NA,DTB,TRUE,E,NA,Y,Y,AMH,04/08/2024,NA,DTB,NA,Y
TCB-06246,QUBR_2022_1124,TRUE,Good,Green,0.096,NA,NA,DTB,TRUE,E,NA,Y,Y,AMH,04/08/2024,NA,DTB,NA,Y
TCB-06248,QUBR_2022_1126,TRUE,Good,Green,0.096,NA,NA,DTB,TRUE,E,NA,Y,Y,AMH,04/08/2024,NA,DTB,NA,Y
TCB-06251,QUBR_2022_0786,TRUE,Good,Green,0.067,NA,NA,DTB,TRUE,E,NA,Y,Y,AK,04/06/2024,NA,DTB,NA,Y
TCB-06252,QUBR_2022_0787,TRUE,Good,Green,0.094,NA,NA,DTB,TRUE,E,NA,Y,Y,AK,04/06/2024,NA,DTB,NA,Y
TCB-06253,QUBR_2022_0788,TRUE,Good,Green,0.07,NA,NA,DTB,TRUE,E,NA,Y,Y,AK,04/06/2024,NA,DTB,NA,Y
TCB-06257,QUBR_2022_0792,TRUE,Good,Green,0.07,NA,NA,DTB,TRUE,E,NA,Y,Y,AK,04/06/2024,NA,DTB,NA,Y
TCB-06263,QUBR_2022_0798,TRUE,Good,Green,0.058,NA,NA,DTB,TRUE,E,NA,Y,Y,AK,04/06/2024,1 leaf taken,DTB,NA,Y
TCB-06266,QUBR_2022_0801,TRUE,Good,Green,0.045,NA,NA,DTB,TRUE,E,NA,Y,Y,AK,04/06/2024,1 leaf taken,DTB,NA,Y
TCB-06269,QUBR_2022_0805,TRUE,Good,Green,0.043,NA,NA,DTB,TRUE,E,NA,Y,Y,AK,04/06/2024,1 leaf taken,DTB,NA,Y
TCB-06271,QUBR_2022_0807,TRUE,Good,Green,0.056,NA,NA,DTB,TRUE,W,NA,Y,Y,AK,04/06/2024,NA,DTB,NA,Y
TCB-06272,QUBR_2022_0809,TRUE,Good,Green,0.049,NA,NA,DTB,TRUE,W,NA,Y,Y,AK,04/06/2024,NA,DTB,NA,Y
TCB-06273,QUBR_2022_0811,TRUE,Good?,Green/Brown,0.086,1/2 with many brown spots,NA,DTB,TRUE,E,NA,Y,Y,AK,04/06/2024,NA,DTB,NA,Y
TCB-06275,QUBR_2022_0814,TRUE,Good,Green,0.043,NA,NA,DTB,TRUE,E,NA,Y,Y,AK,04/06/2024,1 leaf taken,DTB,NA,Y
TCB-06277,QUBR_2022_0816,TRUE,Good,Green/Brown,0.069,NA,NA,DTB,TRUE,E,NA,Y,Y,AK,04/06/2024,NA,DTB,NA,Y
TCB-06279,QUBR_2022_0818,TRUE,Good,Green,0.047,NA,NA,DTB,TRUE,N,NA,Y,Y,AK,04/06/2024,NA,DTB,NA,Y
TCB-06282,QUBR_2022_0822,TRUE,Good,Green,0.058,NA,NA,DTB,TRUE,N,NA,Y,Y,AK,04/06/2024,1 leaf taken,DTB,NA,Y
TCB-06285,QUBR_2022_0825,TRUE,Good,Green,0.073,NA,NA,DTB,TRUE,N,NA,Y,Y,AK,04/06/2024,NA,DTB,NA,Y
TCB-06287,QUBR_2022_0827,TRUE,Good?,Green,0.11,NA,NA,DTB,TRUE,E,NA,Y,Y,AK,04/06/2024,NA,DTB,NA,Y
TCB-06288,QUBR_2022_0828,TRUE,Good,Green,0.044,NA,NA,DTB,TRUE,E,NA,Y,Y,AK,04/06/2024,NA,DTB,NA,Y
TCB-06289,QUBR_2022_0829,TRUE,Good,Green,0.065,NA,NA,DTB,TRUE,E,NA,Y,Y,AK,04/06/2024,1 leaf taken,DTB,NA,Y
TCB-06293,QUBR_2022_0838,TRUE,Good,Green,0.041,NA,NA,DTB,TRUE,W,SDo,Y,Y,AK,04/07/2024,1 leaf taken,DTB,NA,Y
TCB-06295,QUBR_2022_0840,TRUE,Good,Green,0.116,NA,NA,DTB,TRUE,N,LM,Y,Y,AK,04/07/2024,NA,DTB,NA,Y
TCB-06297,QUBR_2022_0842,TRUE,Good?,Green,0.041,NA,NA,DTB,TRUE,E,SD,Y,Y,AK,04/07/2024,1 leaf taken,DTB,NA,Y
TCB-06299,QUBR_2022_0844,TRUE,Good,Green,0.053,NA,NA,DTB,TRUE,E,NA,Y,Y,AK,04/07/2024,1 leaf taken,DTB,NA,Y
TCB-06302,QUBR_2022_0847,TRUE,Good,Green,0.043,NA,NA,DTB,TRUE,E,NA,Y,Y,AK,04/07/2024,NA,DTB,NA,Y
TCB-06303,QUBR_2022_0848,TRUE,Good,Green,0.076,NA,NA,DTB,TRUE,E,NA,Y,Y,AK,04/07/2024,NA,DTB,NA,Y
TCB-06305,QUBR_2022_0850,TRUE,Good,Green,0.116,NA,NA,DTB,TRUE,E,NA,Y,Y,AK,04/07/2024,NA,DTB,NA,Y
TCB-06307,QUBR_2022_0852,TRUE,Good,Green,0.04,NA,NA,DTB,TRUE,W,LB,Y,Y,AK,04/07/2024,NA,DTB,NA,Y
TCB-06308,QUBR_2022_0854,TRUE,Good,Green,0.066,NA,NA,DTB,TRUE,N,LM,Y,Y,AK,04/07/2024,NA,DTB,NA,Y
TCB-06310,QUBR_2022_0856,TRUE,Good,Green,0.11,NA,NA,DTB,TRUE,N,NA,Y,Y,AK,04/07/2024,NA,DTB,NA,Y
TCB-06311,QUBR_2022_0857,TRUE,Good,Green,0.058,NA,NA,DTB,TRUE,W,NA,Y,Y,AK,04/07/2024,NA,DTB,NA,Y
TCB-06313,QUBR_2022_0859,TRUE,Good?,Green,0.064,large brown patch on the bigger leaf,NA,DTB,TRUE,N,NA,Y,Y,AK,04/07/2024,NA,DTB,NA,Y
TCB-06315,QUBR_2022_0861,TRUE,Good,Green,0.081,NA,NA,DTB,TRUE,E,SD,Y,Y,AK,04/07/2024,NA,DTB,NA,Y
TCB-06316,QUBR_2022_0862,TRUE,Good,Green,0.054,NA,NA,DTB,TRUE,W,SDo,Y,Y,AK,04/07/2024,NA,DTB,NA,Y
TCB-06318,QUBR_2022_0864,TRUE,Good,Green,0.067,NA,NA,DTB,TRUE,N,NA,Y,Y,AK,04/07/2024,NA,DTB,NA,Y
TCB-06320,QUBR_2022_0866,TRUE,Good?,Green/Black,0.061,NA,NA,DTB,TRUE,N,NA,Y,Y,AK,04/07/2024,NA,DTB,NA,Y
TCB-06321,QUBR_2022_0868,TRUE,Good,Green,0.063,large white spot on folded leaf,NA,DTB,TRUE,E,NA,Y,Y,AK,04/07/2024,NA,DTB,NA,Y
TCB-06323,QUBR_2022_1174,TRUE,1 Good; 1 Necrotic?,Green/Brown,0.068,large brown patches on the back of the leaf,NA,DTB,TRUE,W,NA,Y (stick),Y,AK,04/07/2024,NA,DTB,NA,Y
TCB-06324,QUBR_2022_1173,TRUE,Good,Green,0.082,NA,NA,DTB,TRUE,W,LB,Y (stick),Y,AK,04/07/2024,NA,DTB,NA,Y
TCB-06325,QUBR_2022_1171,TRUE,Good,Green,0.079,NA,NA,DTB,TRUE,W,NA,Y (stick),Y,AK,04/07/2024,NA,DTB,NA,Y
TCB-06328,QUBR_2022_0878,TRUE,Good,Green,0.153,NA,NA,DTB,TRUE,N,NA,Y,Y,AK,04/07/2024,NA,DTB,NA,Y
TCB-06330,QUBR_2022_0879,TRUE,Good,Green,0.081,NA,NA,DTB,TRUE,E,NA,Y,Y,AK,04/07/2024,NA,DTB,NA,Y
TCB-06331,QUBR_2022_0883,TRUE,1 Good; 1 Necrotic,Green/Brown,0.066,one leaf with half brown tissue due to necrosis,NA,DTB,TRUE,E,NA,Y,Y,AK,04/07/2024,NA,DTB,NA,Y
TCB-06332,QUBR_2022_0898,TRUE,Good,Green,0.069,NA,NA,DTB,TRUE,E,NA,Y,Y,AK,04/07/2024,NA,DTB,NA,Y
TCB-06333,QUBR_2022_0880,TRUE,Good?,Green,0.112,white splotches,NA,DTB,TRUE,E,NA,Y,Y,AK,04/07/2024,NA,DTB,NA,Y
TCB-06334,QUBR_2022_0885,TRUE,Good,Green,0.044,NA,NA,DTB,TRUE,E,NA,Y,Y,AK,04/07/2024,NA,DTB,NA,Y
TCB-06337,QUBR_2022_0871,TRUE,Good?,Green,0.056,two large raised white bumps on back of leaf,NA,DTB,TRUE,E,NA,Y,Y,AK,04/07/2024,1 leaf taken,DTB,NA,Y
TCB-06339,QUBR_2022_0874,TRUE,Good,Green,0.046,NA,NA,DTB,TRUE,E,NA,Y,Y,AK,04/07/2024,NA,DTB,NA,Y
TCB-06341,QUBR_2022_0876,TRUE,Good?,Green,0.085,NA,NA,DTB,TRUE,N,NA,Y,Y,AK,04/07/2024,NA,DTB,NA,Y
TCB-06344,QUBR_2022_0884,TRUE,Good,Green,0.072,NA,NA,DTB,TRUE,E,NA,Y,Y,AK,04/07/2024,NA,DTB,NA,Y
TCB-06345,QUBR_2022_0886,TRUE,Good?,Green,0.096,NA,NA,DTB,TRUE,E,NA,Y,Y,AK,04/07/2024,NA,DTB,NA,Y
TCB-06346,QUBR_2022_0887,TRUE,Good,Green/Brown,0.041,NA,NA,DTB,TRUE,E,NA,Y,Y,AK,04/07/2024,1 leaf taken,DTB,NA,Y
TCB-06348,QUBR_2022_0872,TRUE,Good,Green,0.053,NA,NA,DTB,TRUE,E,NA,Y,Y,AK,04/07/2024,NA,DTB,NA,Y
TCB-06353,QUBR_2022_0888,TRUE,Good,Green,0.051,NA,NA,DTB,TRUE,E,NA,Y,Y,AK,04/07/2024,NA,DTB,NA,Y
TCB-06358,QUBR_2022_0891,TRUE,Good,Green,0.16,NA,NA,DTB,TRUE,W,SDo,Y,Y,AK,04/07/2024,NA,DTB,NA,Y
TCB-06360,QUBR_2022_1156,TRUE,Good,Green,0.095,NA,NA,DTB,TRUE,E,SD,Y (stick),Y,AK,04/07/2024,NA,DTB,NA,Y
TCB-06361,QUBR_2022_0893,TRUE,Good,Green,0.093,NA,NA,DTB,TRUE,N,LM,Y,Y,AK,04/07/2024,NA,DTB,NA,Y
TCB-06363,QUBR_2022_0895,TRUE,Good?,Green,0.079,white spots,NA,DTB,TRUE,E,NA,Y,Y,AK,04/07/2024,NA,DTB,NA,Y
TCB-06367,QUBR_2022_1158,TRUE,Good,Green,0.069,NA,NA,DTB,TRUE,W,NA,Y (stick),Y,AK,04/07/2024,NA,DTB,NA,Y
TCB-06369,QUBR_2022_1161,TRUE,Good,Green,0.078,NA,NA,DTB,TRUE,N,NA,Y (stick),Y,AK,04/07/2024,NA,DTB,NA,Y
TCB-06370,QUBR_2022_1163,TRUE,Good?,Green/Brown,0.076,dark brown spots scattered on leaves,NA,DTB,TRUE,W,NA,Y (stick),Y,AK,04/07/2024,NA,DTB,NA,Y
TCB-06371,QUBR_2022_1164,TRUE,Good,Green,0.069,NA,NA,DTB,TRUE,W,NA,Y (stick),Y,AK,04/07/2024,NA,DTB,NA,Y
TCB-06372,QUBR_2022_1166,TRUE,Good,Green,0.055,NA,NA,DTB,TRUE,W,NA,Y (stick),Y,AK,04/07/2024,NA,DTB,NA,Y
TCB-06374,QUBR_2022_1167,TRUE,Good,Green,0.061,NA,NA,DTB,TRUE,E,NA,Y (stick),Y,AK,04/07/2024,NA,DTB,NA,Y
TCB-06375,QUBR_2022_1168,TRUE,Good?,Green,0.074,some brown edges,NA,DTB,TRUE,W,NA,Y (stick),Y,AK,04/07/2024,NA,DTB,NA,Y
TCB-06376,QUBR_2022_1169,TRUE,Good?,Green,0.087,brown patches,NA,DTB,TRUE,W,NA,Y (stick),Y,AK,04/07/2024,NA,DTB,NA,Y
TCB-06379,QUBR_2022_1176,TRUE,Good,Green,0.12,NA,NA,DTB,TRUE,E,EC,Y (stick),Y,AK,04/07/2024,NA,DTB,NA,Y
TCB-06380,QUBR_2022_1177,TRUE,Good,Green,0.053,NA,NA,DTB,TRUE,E,EC,Y (stick),Y,AK,04/07/2024,NA,DTB,NA,Y
TCB-06382,QUBR_2022_1179,TRUE,Good,Green,0.133,NA,NA,DTB,TRUE,W,NA,Y (stick),Y,AK,04/07/2024,NA,DTB,NA,Y
TCB-06384,QUBR_2022_1181,TRUE,Good,Green,0.08,NA,NA,DTB,TRUE,W,NA,Y (stick),Y,AK,04/07/2024,NA,DTB,NA,Y
TCB-06386,QUBR_2022_1184,TRUE,Good,Green,0.132,NA,NA,DTB,TRUE,E,NA,Y (stick),Y,AK,04/07/2024,NA,DTB,NA,Y
TCB-06387,QUBR_2022_1185,TRUE,Good,Green,0.05,NA,NA,DTB,TRUE,E,EC,Y (stick),Y,AK,04/07/2024,NA,DTB,NA,Y
TCB-06388,QUBR_2022_1186,TRUE,1 Good; 1 Necrotic,Green/Black,0.091,NA,NA,DTB,TRUE,E,SD,Y (stick),Y,AK,04/08/2024,NA,DTB,NA,Y
TCB-06391,QUBR_2022_1189,TRUE,Good,Green,0.095,NA,NA,DTB,TRUE,E,SD,Y (stick),Y,AK,04/08/2024,NA,DTB,NA,Y
TCB-06392,QUBR_2022_1190,TRUE,1 Good; 1 Necrotic?,Green,0.04,NA,NA,DTB,TRUE,E,NA,Y (stick),Y,AK,04/08/2024,NA,DTB,NA,Y
TCB-06395,QUBR_2022_1194,TRUE,Good,Green,0.06,NA,NA,DTB,TRUE,E,NA,Y (stick),Y,AK,04/08/2024,NA,DTB,NA,Y
TCB-06396,QUBR_2022_1195,TRUE,Good,Green,0.066,NA,NA,DTB,TRUE,E,NA,Y (stick),Y,AK,04/08/2024,NA,DTB,NA,Y
TCB-06398,QUBR_2022_1197,TRUE,Good,Green,0.049,NA,NA,DTB,TRUE,E,EC,Y (stick),Y,AK,04/08/2024,NA,DTB,NA,Y
TCB-06400,QUBR_2022_1199,TRUE,Good,Green,0.046,NA,NA,DTB,TRUE,E,SD,Y (stick),Y,AK,04/08/2024,NA,DTB,NA,Y
TCB-06402,QUBR_2022_1201,TRUE,Good,Green,0.048,NA,NA,DTB,TRUE,E,NA,Y (stick),Y,AK,04/08/2024,NA,DTB,NA,Y
TCB-06403,QUBR_2022_1203,TRUE,Good,Green/Brown,0.087,NA,NA,DTB,TRUE,E,NA,Y (stick),Y,AK,04/08/2024,1 leaf collected,DTB,NA,Y
TCB-06404,QUBR_2022_1204,TRUE,Good,Green,0.045,NA,NA,DTB,TRUE,E,NA,Y (stick),Y,AK,04/08/2024,1 leaf taken,DTB,NA,Y
TCB-06406,QUBR_2022_1207,TRUE,Good,Green,0.047,NA,NA,DTB,TRUE,W,NA,Y (stick),Y,AK,04/08/2024,NA,DTB,NA,Y
TCB-06407,QUBR_2022_1208,TRUE,1 Good; 1 Necrotic,Green/Black,0.042,NA,NA,DTB,TRUE,N,LM,Y (stick),Y,AK,04/08/2024,NA,DTB,NA,Y
TCB-06408,QUBR_2022_1209,TRUE,1 Good; 1 Necrotic,Green/Black,0.066,NA,NA,DTB,TRUE,W,NA,Y (stick),Y,AK,04/08/2024,NA,DTB,NA,Y
TCB-06410,QUBR_2022_1211,TRUE,Good,Green,0.128,NA,NA,DTB,TRUE,W,NA,Y (stick),Y,AK,04/08/2024,NA,DTB,NA,Y
TCB-06413,QUBR_2022_1214,TRUE,Good,Green,0.099,NA,NA,DTB,TRUE,W,NA,Y (stick),Y,AK,04/08/2024,NA,DTB,NA,Y
TCB-06414,QUBR_2022_1215,TRUE,1 Good; 1 Necrotic?,Green,0.06,NA,NA,DTB,TRUE,W,NA,Y (stick),Y,AK,04/08/2024,NA,DTB,NA,Y
TCB-06415,QUBR_2022_1216,TRUE,Good,Green,0.053,NA,NA,DTB,TRUE,W,NA,Y,Y,AK,04/08/2024,NA,DTB,NA,Y
TCB-06416,QUBR_2022_1217,TRUE,Good,Green,0.056,NA,NA,DTB,TRUE,W,LB,Y,Y,AK,04/08/2024,NA,DTB,NA,Y
TCB-06418,QUBR_2022_1219,TRUE,Good,Green,0.041,NA,NA,DTB,TRUE,W,NA,Y,Y,AK,04/08/2024,NA,DTB,NA,Y
TCB-06421,QUBR_2022_1222,TRUE,Good,Green,0.08,NA,NA,DTB,TRUE,E,NA,Y,Y,AK,04/08/2024,NA,DTB,NA,Y
TCB-06422,QUBR_2022_1223,TRUE,Good,Green,0.045,NA,NA,DTB,TRUE,W,LB,Y,Y,AK,04/08/2024,NA,DTB,NA,Y
TCB-06423,QUBR_2022_1225,TRUE,Good,Green,0.04,NA,NA,DTB,TRUE,W,NA,Y,Y,AK,04/08/2024,NA,DTB,NA,Y
TCB-06424,QUBR_2022_1226,TRUE,Good,Green,0.082,NA,NA,DTB,TRUE,W,NA,Y,Y,AK,04/08/2024,NA,DTB,NA,Y
TCB-06425,QUBR_2022_1227,TRUE,Good,Green,0.098,NA,NA,DTB,TRUE,N,NA,Y,Y,AK,04/08/2024,NA,DTB,NA,Y
TCB-06428,QUBR_2022_1231,TRUE,Good,Green,0.079,NA,NA,DTB,TRUE,E,NA,Y,Y,AK,04/08/2024,NA,DTB,NA,Y
TCB-06429,QUBR_2022_1224,TRUE,Good,Green,0.093,NA,NA,DTB,TRUE,E,NA,Y,Y,AK,04/08/2024,NA,DTB,NA,Y
TCB-06431,QUBR_2022_1232,TRUE,Good,Green,0.136,NA,NA,DTB,TRUE,W,NA,Y,Y,AK,04/08/2024,NA,DTB,NA,Y
TCB-06432,QUBR_2022_1233,TRUE,Good,Green,0.068,NA,NA,DTB,TRUE,E,SD,Y,Y,AK,04/08/2024,NA,DTB,NA,Y
TCB-06434,QUBR_2022_1235,TRUE,Good,Green,0.055,NA,NA,DTB,TRUE,E,NA,Y,Y,AK,04/08/2024,NA,DTB,NA,Y
TCB-06437,QUBR_2022_1238,TRUE,Good,Green,0.068,NA,NA,DTB,TRUE,E,NA,Y,Y,AK,04/08/2024,NA,DTB,NA,Y
TCB-06438,QUBR_2022_1239,TRUE,Good,Green,0.059,NA,NA,DTB,TRUE,W,NA,Y,Y,AK,04/08/2024,NA,DTB,NA,Y
TCB-06439,QUBR_2022_1240,TRUE,Good,Green,0.079,NA,NA,DTB,TRUE,W,NA,Y,Y,AK,04/08/2024,NA,DTB,NA,Y
TCB-06441,QUBR_2022_1242,TRUE,Good,Green,0.06,NA,NA,DTB,TRUE,W,NA,Y,Y,AK,04/08/2024,NA,DTB,NA,Y
TCB-06442,QUBR_2022_12433,TRUE,Good,Green,0.068,NA,NA,DTB,TRUE,NA,NA,NA,NA,NA,NA,NA,NA,NA,NA
TCB-06443,QUBR_2022_1244,TRUE,Good,Green,0.064,NA,NA,DTB,TRUE,W,NA,Y,Y,AK,04/08/2024,NA,DTB,NA,Y
TCB-06444,QUBR_2022_1245,TRUE,Good,Green,0.052,NA,NA,DTB,TRUE,N,LM,Y,Y,AK,04/08/2024,NA,DTB,NA,Y
TCB-06445,QUBR_2022_1246,TRUE,Good,Green,0.108,NA,NA,DTB,TRUE,W,NA,Y,Y,AK,04/08/2024,NA,DTB,NA,Y
TCB-06446,QUBR_2022_1248,TRUE,Good,Green,0.062,NA,NA,DTB,TRUE,W,NA,Y,Y,AK,04/08/2024,NA,DTB,NA,Y
TCB-06449,QUBR_2022_1251,TRUE,Good,Green,0.142,NA,NA,DTB,TRUE,W,SDo,Y,Y,AK,04/08/2024,NA,DTB,NA,Y
TCB-06450,QUBR_2022_1252,TRUE,Good,Green,0.102,NA,NA,DTB,TRUE,W,SDo,Y,Y,AK,04/08/2024,NA,DTB,NA,Y
TCB-06451,QUBR_2022_1253A,TRUE,Good,Green,0.085,NA,This accession ID is the same as TCB-06453. Both slips of paper in samples TCB-06451 and TCB-06453 read QUBR_2022_1253. I think that the one for TCB-06453 is incorrect and the accession ID should be QUBR_2022_1255,DTB,TRUE,E,NA,Y,Y,AK,04/08/2024,NA,DTB,"Either 1253A or 1255B, accidentally named both 1253 when transferring samples to freezer :(",Y
TCB-06453,QUBR_2022_1253B,TRUE,Good,Green,0.086,NA,NA,DTB,TRUE,W,SDo,Y,Y,AK,04/08/2024,NA,DTB,"Either 1253A or 1255B, accidentally named both 1253 when transferring samples to freezer :(",Y
TCB-06454,QUBR_2022_1256,TRUE,Good,Green,0.076,NA,NA,DTB,TRUE,W,NA,Y,Y,AK,04/08/2024,NA,DTB,NA,Y
TCB-06455,QUBR_2022_1257,TRUE,Good,Green,0.082,NA,NA,DTB,TRUE,E,NA,Y,Y,AK,04/08/2024,NA,DTB,NA,Y
TCB-06456,QUBR_2022_1258,TRUE,Good?,Green,0.097,NA,NA,DTB,TRUE,W,NA,Y,Y,AK,04/08/2024,NA,DTB,NA,Y
TCB-06457,QUBR_2022_1259,TRUE,Good,Green,0.058,NA,NA,DTB,TRUE,W,NA,Y,Y,AK,04/08/2024,NA,DTB,NA,Y
TCB-06458,QUBR_2022_1260,TRUE,Good,Green,0.058,NA,NA,DTB,TRUE,W,NA,Y,Y,AK,04/08/2024,1 leaf collected,DTB,NA,Y
TCB-06461,QUBR_2022_1263,TRUE,Good?,Green,0.103,NA,NA,DTB,TRUE,N,LC,Y,Y,AK,04/08/2024,NA,DTB,NA,Y
TCB-06462,QUBR_2022_1264,TRUE,Good?,Green/Brown,0.069,brown splotches on 1/2,NA,DTB,TRUE,W,NA,Y,Y,AK,04/08/2024,NA,DTB,NA,Y
TCB-06463,QUBR_2022_1266,TRUE,Good,Green,0.051,NA,NA,DTB,TRUE,W,NA,Y,Y,AK,04/08/2024,NA,DTB,NA,Y
TCB-06464,QUBR_2022_1267,TRUE,Good,Green,0.095,NA,NA,DTB,TRUE,W,NA,Y,Y,AK,04/08/2024,NA,DTB,NA,Y
TCB-06465,QUBR_2022_1268,TRUE,Good,Green,0.056,NA,NA,DTB,TRUE,N,LM,Y,Y,AK,04/08/2024,NA,DTB,NA,Y
TCB-06466,QUBR_2022_1202A,TRUE,Good,Green,0.07,2 leaves,NA,DTB,TRUE,NA,NA,NA,NA,NA,NA,NA,NA,NA,NA
TCB-06467,QUBR_2022_1202B,TRUE,Good,Green,0.064,2 leaves,NA,DTB,TRUE,NA,NA,NA,NA,NA,NA,NA,NA,NA,NA
