Tree Conservation Biology (TCB) ID,Accession ID,Both paper labels transfered into bag?,"Leaf Tissue Condition (Moldy, Necrotic, or Good)","Leaf Tissue Color (Green, Brown, Black)",Weight (g),Comments,Transcriber comments,Transcribe Initials,Double checked?
TCB-05323,QUBR_2022_0168,TRUE,Good,Green,0.181,,,DTB,TRUE
TCB-05324,QUBR_2022_0108,TRUE,Good?,Green,0.170,white/grey splotches,,DTB,TRUE
TCB-05325,QUBR_2022_0499,TRUE,Good,Green,0.076,,,DTB,TRUE
TCB-05326,QUBR_2022_0288,TRUE,Good?,Green,0.143,white/gray splotches,,DTB,TRUE
TCB-05327,QUBR_2022_0481,TRUE,Good?,Green,0.093,white dots and splotches,,DTB,TRUE
TCB-05328,QUBR_2022_0193,TRUE,Good?,Green,0.179,white splotches,,DTB,TRUE
TCB-05329,QUBR_2022_0506,TRUE,Good,Green,0.207,,,DTB,TRUE
TCB-05330,QUBR_2022_0113,TRUE,Good?,Green,0.314,white splotches,,DTB,TRUE
TCB-05331,QUBR_2022_0112,TRUE,Good?,Green,0.253,white splotches,,DTB,TRUE
TCB-05332,QUBR_2022_0111,TRUE,Good,Green,0.113,,,DTB,TRUE
TCB-05333,QUBR_2022_0110,TRUE,Good,Green,0.236,,,DTB,TRUE
TCB-05334,QUBR_2022_0109,TRUE,Good,Green,0.037,,,DTB,TRUE
TCB-05335,QUBR_2022_0107,TRUE,Good?,Green,0.095,white dots,,DTB,TRUE
TCB-05336,QUBR_2022_0106,TRUE,Good?,Green,0.305,white splotches,,DTB,TRUE
TCB-05337,QUBR_2022_0105,TRUE,Good?,Green,0.072,white splotches,,DTB,TRUE
TCB-05338,QUBR_2022_0104,TRUE,Good,Green,0.298,,,DTB,TRUE
TCB-05339,QUBR_2022_0103,TRUE,Good?,Green,0.199,white splotches,,DTB,TRUE
TCB-05340,QUBR_2022_0102,TRUE,Good,Green,0.120,,,DTB,TRUE
TCB-05341,QUBR_2022_0101,TRUE,Good,Green,0.198,,,DTB,TRUE
TCB-05342,QUBR_2022_0100,TRUE,Good?,Green,0.219,white splotches,,DTB,TRUE
TCB-05343,QUBR_2022_0099,TRUE,Good?,Green,0.259,white patches,,DTB,TRUE
TCB-05344,QUBR_2022_0098,TRUE,Good,Green,0.183,,,DTB,TRUE
TCB-05345,QUBR_2022_0097,TRUE,Good,Green,0.356,,,DTB,TRUE
TCB-05346,QUBR_2022_0096,TRUE,Good,Green,0.133,,,DTB,TRUE
TCB-05347,QUBR_2022_0095,TRUE,Good,Green,0.220,,,DTB,TRUE
TCB-05348,QUBR_2022_0094,TRUE,Good?,Green,0.149,white splotches,,DTB,TRUE
TCB-05349,QUBR_2022_0093,TRUE,Good,Green,0.135,,,DTB,TRUE
TCB-05350,QUBR_2022_0092,TRUE,Good,Green,0.141,,,DTB,TRUE
TCB-05351,QUBR_2022_0091,TRUE,Good,Green,0.332,,,DTB,TRUE
TCB-05352,QUBR_2022_0090,TRUE,Good,Green,0.246,,,DTB,TRUE
TCB-05353,QUBR_2022_0088,TRUE,Good?,Green,0.333,white splotches,,DTB,TRUE
TCB-05354,QUBR_2022_0079,TRUE,Good,Green,0.271,,,DTB,TRUE
TCB-05355,QUBR_2022_0089,TRUE,Good,Green,0.211,,,DTB,TRUE
TCB-05356,QUBR_2022_0083,TRUE,Good,Green,0.021,,,DTB,TRUE
TCB-05357,QUBR_2022_0082,TRUE,Good?,Green,0.089,white splotches,,DTB,TRUE
TCB-05358,QUBR_2022_0080,TRUE,Good?,Green,0.336,white splotches,,DTB,TRUE
TCB-05359,QUBR_2022_0078,TRUE,Good?,Green,0.122,white splotches,,DTB,TRUE
TCB-05360,QUBR_2022_0081,TRUE,Good?,Green,0.250,white splotches,,DTB,TRUE
TCB-05361,QUBR_2022_0077,TRUE,Good,Green,0.312,,,DTB,TRUE
TCB-05362,QUBR_2022_0076,TRUE,Good?,Green,0.196,white splotches,,DTB,TRUE
TCB-05363,QUBR_2022_0075,TRUE,Good,Green,0.306,,,DTB,TRUE
TCB-05364,QUBR_2022_0074,TRUE,Good?,Green,0.297,white splotches,,DTB,TRUE
TCB-05365,QUBR_2022_0071,TRUE,Good,Green,0.195,,,DTB,TRUE
TCB-05366,QUBR_2022_0073,TRUE,Good,Green,0.210,,,DTB,TRUE
TCB-05367,QUBR_2022_0070,TRUE,Good,Green,0.175,,,DTB,TRUE
TCB-05368,QUBR_2022_0072,TRUE,Good?,Green,0.299,white splotches,,DTB,TRUE
TCB-05369,QUBR_2022_0087,TRUE,Good,Green,0.228,,,DTB,TRUE
TCB-05370,QUBR_2022_0069,TRUE,Good,Green,0.141,,,DTB,TRUE
TCB-05371,QUBR_2022_0086,TRUE,Good,Green,0.281,,,DTB,TRUE
TCB-05372,QUBR_2022_0084,TRUE,Good,Green,0.183,,,DTB,TRUE
TCB-05373,QUBR_2022_0085,TRUE,Good?,Green,0.285,white splotches,,DTB,TRUE
TCB-05374,QUBR_2022_0068,TRUE,Good?,Green,0.147,white splotches,,DTB,TRUE
TCB-05375,QUBR_2022_0066,TRUE,Good?,Green,0.240,white splotches,,DTB,TRUE
TCB-05376,QUBR_2022_0067,TRUE,Good,Green,0.210,,,DTB,TRUE
TCB-05377,QUBR_2022_0065,TRUE,Good?,Green,0.239,white splotches,,DTB,TRUE
TCB-05378,QUBR_2022_0064,TRUE,Good,Green,0.101,,,DTB,TRUE
TCB-05379,QUBR_2022_0063,TRUE,Good?,Green,0.273,white splotches,,DTB,TRUE
TCB-05380,QUBR_2022_0057,TRUE,Good?,Green,0.171,white splotches,,DTB,TRUE
TCB-05381,QUBR_2022_0055,TRUE,Good?,Green,0.163,white splotches,,DTB,TRUE
TCB-05382,QUBR_2022_0062,TRUE,Good,Green,0.254,,,DTB,TRUE
TCB-05383,QUBR_2022_0061,TRUE,Good?,Green,0.356,white splotches,,DTB,TRUE
TCB-05384,QUBR_2022_0060,TRUE,Good,Green,0.199,,,DTB,TRUE
TCB-05385,QUBR_2022_0059,TRUE,Good?,Green,0.247,white splotches; small brown dots,,DTB,TRUE
TCB-05386,QUBR_2022_0058,TRUE,Good,Green,0.069,,,DTB,TRUE
TCB-05387,QUBR_2022_0056,TRUE,Good?,Green,0.201,white splotches,,DTB,TRUE
TCB-05388,QUBR_2022_0041,TRUE,Good,Green,0.194,,,DTB,TRUE
TCB-05389,QUBR_2022_0054,TRUE,Good,Green,0.239,,,DTB,TRUE
TCB-05390,QUBR_2022_0053,TRUE,Good?,Green,0.159,white splotches,,DTB,TRUE
TCB-05391,QUBR_2022_0052,TRUE,Good?,Green,0.235,tiny brown dots on largest leaf,,DTB,TRUE
TCB-05392,QUBR_2022_0051,TRUE,Good?,Green,0.473,white splotches,,DTB,TRUE
TCB-05393,QUBR_2022_0050,TRUE,Good,Green,0.170,,,DTB,TRUE
TCB-05394,QUBR_2022_0049,TRUE,Good?,Green,0.187,white splotches,,DTB,TRUE
TCB-05395,QUBR_2022_0048,TRUE,Good,Green,0.183,,,DTB,TRUE
TCB-05396,QUBR_2022_0045,TRUE,Good,Green,0.318,,,DTB,TRUE
TCB-05397,QUBR_2022_0047,TRUE,Good,Green,0.332,,,DTB,TRUE
TCB-05398,QUBR_2022_0046,TRUE,Good?,Green,0.227,white splotches,,DTB,TRUE
TCB-05399,QUBR_2022_0044,TRUE,Good?,Green,0.263,white spots,,DTB,TRUE
TCB-05400,QUBR_2022_0043,TRUE,Good?,Green,0.246,white splotches,,DTB,TRUE
TCB-05401,QUBR_2022_0042,TRUE,Good,Green,0.174,,,DTB,TRUE
TCB-05402,QUBR_2022_0040,TRUE,Good,Green,0.224,,,DTB,TRUE
TCB-05403,QUBR_2022_0039,TRUE,Good?,Green,0.185,white splotches,,DTB,TRUE
TCB-05404,QUBR_2022_0038,TRUE,Good?,Green,0.245,white splotches,,DTB,TRUE
TCB-05405,QUBR_2022_0037,TRUE,Good,Green,0.190,,,DTB,TRUE
TCB-05406,QUBR_2022_0036,TRUE,Good?,Green,0.103,mostly green- tip of largest leaf is brown,,DTB,TRUE
TCB-05407,QUBR_2022_0035,TRUE,Good?,Green,0.145,white splotches and rings,,DTB,TRUE
TCB-05408,QUBR_2022_0034,TRUE,Good?,Green,0.214,dark brown spot on largest leaf,,DTB,TRUE
TCB-05409,QUBR_2022_0033,TRUE,Good,Green,0.223,,,DTB,TRUE
TCB-05410,QUBR_2022_0032,TRUE,Good?,Green,0.102,white splotches,,DTB,TRUE
TCB-05411,QUBR_2022_0031,TRUE,Good,Green,0.194,,,DTB,TRUE
TCB-05412,QUBR_2022_0030,TRUE,Good,Green,0.150,,,DTB,TRUE
TCB-05413,QUBR_2022_0029,TRUE,Good,Green,0.146,,,DTB,TRUE
TCB-05414,QUBR_2022_0023,TRUE,Good?,Green,0.111,white splotches,,DTB,TRUE
TCB-05415,QUBR_2022_0026,TRUE,Good?,Green,0.148,white splotches,,DTB,TRUE
TCB-05416,QUBR_2022_0028,TRUE,Good,Green,0.138,,,DTB,TRUE
TCB-05417,QUBR_2022_0027,TRUE,Good,Green,0.170,,,DTB,TRUE
TCB-05418,QUBR_2022_0022,TRUE,Good?,Green,0.088,white splotches,,DTB,TRUE
TCB-05419,QUBR_2022_0025,TRUE,Good?,Green,0.159,white splotches,,DTB,TRUE
TCB-05420,QUBR_2022_0024,TRUE,Good,Green,0.058,,,DTB,TRUE
TCB-05421,QUBR_2022_0021,TRUE,Good,Green,0.114,,,DTB,TRUE
TCB-05422,QUBR_2022_0020,TRUE,Good?,Green,0.133,white splotchesl tiny brown dots/rings,,DTB,TRUE
TCB-05423,QUBR_2022_0019,TRUE,Good?,Green,0.174,white splotches,,DTB,TRUE
TCB-05424,QUBR_2022_0018,TRUE,Good,Green,0.119,,,DTB,TRUE
TCB-05425,QUBR_2022_0017,TRUE,Good?,Green,0.025,some small brown spots; fades from green to yellow,,DTB,TRUE
TCB-05426,QUBR_2022_0016,TRUE,Good?,Green,0.196,white splotches,,DTB,TRUE
TCB-05427,QUBR_2022_0015,TRUE,Good?,Green,0.072,white splotches on back of the leaf,,DTB,TRUE
TCB-05428,QUBR_2022_0008,TRUE,Good?,Green/Brown,0.159,"lighter green patches, one leaf has fully brown tip",,DTB,TRUE
TCB-05429,QUBR_2022_0009,TRUE,Good?,Green,0.068,white splotches; folded,,DTB,TRUE
TCB-05430,QUBR_2022_0005,TRUE,Good,Green,0.137,,,DTB,TRUE
TCB-05431,QUBR_2022_0006,TRUE,Good?,Green,0.162,white splotches; folded,,DTB,TRUE
TCB-05432,QUBR_2022_0007,TRUE,Good?,Green,0.191,large brown patch at the top of the leaf,,DTB,TRUE
TCB-05433,QUBR_2022_0014,TRUE,Good?,Green,0.135,white splotches; some brown lines,,DTB,TRUE
TCB-05434,QUBR_2022_0013,TRUE,Good?,Green,0.099,white patches,,DTB,TRUE
TCB-05435,QUBR_2022_0012,TRUE,Necrotic,Brown,0.166,large black/brown patches with some green tissue,,DTB,TRUE
TCB-05436,QUBR_2022_0004,TRUE,Good,Green,0.233,,,DTB,TRUE
TCB-05437,QUBR_2022_0011,TRUE,Good?,Green,0.106,white splotches,,DTB,TRUE
TCB-05438,QUBR_2022_0003,TRUE,Good,Green,0.198,,,DTB,TRUE
TCB-05439,QUBR_2022_0001,TRUE,Good?,Green,0.071,white and brown splotches,,DTB,TRUE
TCB-05440,QUBR_2022_0010,TRUE,Good,Green,0.124,,,DTB,TRUE
TCB-05441,QUBR_2022_0002,TRUE,Good,Green,0.111,,,DTB,TRUE
TCB-05442,QUBR_2022_0234,TRUE,Good?,Green,0.209,white splotches,,DTB,TRUE
TCB-05443,QUBR_2022_0232,TRUE,Good,Green,0.137,,,DTB,TRUE
TCB-05444,QUBR_2022_0231,TRUE,Good,Green,0.289,,,DTB,TRUE
TCB-05445,QUBR_2022_0230,TRUE,Good?,Green,0.167,white splotches; tiny brown spots,,DTB,TRUE
TCB-05446,QUBR_2022_0227,TRUE,Good?,Green,0.259,white splotches,,DTB,TRUE
TCB-05447,QUBR_2022_0226,TRUE,Good?,Green,0.134,white splotches; one light brown spot,,DTB,TRUE
TCB-05448,QUBR_2022_0025,TRUE,Good?,Green,0.270,white splotches,,DTB,TRUE
TCB-05449,QUBR_2022_0222,TRUE,Good,Green,0.109,,,DTB,TRUE
TCB-05450,QUBR_2022_0240,TRUE,Good?,Green,0.211,white slpotches; pale green,,DTB,TRUE
TCB-05451,QUBR_2022_0233,TRUE,Good?,Green,0.180,white splotches,,DTB,TRUE
TCB-05452,QUBR_2022_0229,TRUE,Good,Green,0.223,,,DTB,TRUE
TCB-05453,QUBR_2022_0228,TRUE,Good?,Green,0.325,white splotches,,DTB,TRUE
TCB-05454,QUBR_2022_0175,TRUE,Good?,Green,0.260,white splotches,,DTB,TRUE
TCB-05455,QUBR_2022_0224,TRUE,Good?,Green,0.145,white splotches,,DTB,TRUE
TCB-05456,QUBR_2022_0223,TRUE,Good?,Green,0.165,white patches,,DTB,TRUE
TCB-05457,QUBR_2022_0221,TRUE,Good,Green,0.204,,,DTB,TRUE
TCB-05458,QUBR_2022_0220,TRUE,Good?,Green,0.283,white splotches,,DTB,TRUE
TCB-05459,QUBR_2022_0218,TRUE,Good?,Green,0.414,small white spots,,DTB,TRUE
TCB-05460,QUBR_2022_0219,TRUE,Good,Green,0.170,,,DTB,TRUE
TCB-05461,QUBR_2022_0211,TRUE,Good?,Green,0.238,white splotches,,DTB,TRUE
TCB-05462,QUBR_2022_0217,TRUE,Good?,Green,0.182,large white splotches,,DTB,TRUE
TCB-05463,QUBR_2022_0210,TRUE,Good?,Green,0.186,faded white patches; brown lines on back of leaf,,DTB,TRUE
TCB-05464,QUBR_2022_0216,TRUE,Good,Green,0.262,,,DTB,TRUE
TCB-05465,QUBR_2022_0209,TRUE,Good?,Green,0.186,white splotches,,DTB,TRUE
TCB-05466,QUBR_2022_0207,TRUE,Good?,Green,0.137,tiny white spots,,DTB,TRUE
TCB-05467,QUBR_2022_0215,TRUE,Good?,Green,0.279,,,DTB,TRUE
TCB-05468,QUBR_2022_0208,TRUE,Good?,Green,0.194,white splotches,,DTB,TRUE
TCB-05469,QUBR_2022_0206,TRUE,Good,Green,0.271,,,DTB,TRUE
TCB-05470,QUBR_2022_0214,TRUE,Good,Green,0.228,some faded patches,,DTB,TRUE
TCB-05471,QUBR_2022_0205,TRUE,Good,Green,0.039,,,DTB,TRUE
TCB-05472,QUBR_2022_0201,TRUE,Good?,Green,0.360,pale green/white patches,,DTB,TRUE
TCB-05473,QUBR_2022_0204,TRUE,Good?,Green,0.230,white splotches,,DTB,TRUE
TCB-05474,QUBR_2022_0212,TRUE,Good?,Green,0.260,white splotches; tiny black dots on largest leaf,,DTB,TRUE
TCB-05475,QUBR_2022_0203,TRUE,Good,Green,0.071,,,DTB,TRUE
TCB-05476,QUBR_2022_0202,TRUE,Good,Green,0.107,,,DTB,TRUE
TCB-05477,QUBR_2022_0200,TRUE,Good?,Green,0.344,white splotches,,DTB,TRUE
TCB-05478,QUBR_2022_0199,TRUE,Good?,Green,0.273,white splotches,,DTB,TRUE
TCB-05479,QUBR_2022_0198,TRUE,Good?,Green,0.294,faded white patches,,DTB,TRUE
TCB-05480,QUBR_2022_0195,TRUE,Good?,Green,0.112,white splotches,,DTB,TRUE
TCB-05481,QUBR_2022_0187,TRUE,Good?,Green,0.273,large white/faded patches,,DTB,TRUE
TCB-05482,QUBR_2022_0196,TRUE,Good?,Green,0.311,white splotches,,DTB,TRUE
TCB-05483,QUBR_2022_0213,TRUE,Good?,Green,0.138,white splotches,,DTB,TRUE
TCB-05484,QUBR_2022_0194,TRUE,Good?,Green,0.219,white splotches,,DTB,TRUE
TCB-05485,QUBR_2022_0192,TRUE,Good,Green,0.211,,,DTB,TRUE
TCB-05486,QUBR_2022_0180,TRUE,Good?,Green,0.191,largest leaf has a brown tip (possibly necrotic),,DTB,TRUE
TCB-05487,QUBR_2022_0179,TRUE,Good?,Green,0.286,white splotches,,DTB,TRUE
TCB-05488,QUBR_2022_0191,TRUE,Good,Green,0.061,,,DTB,TRUE
TCB-05489,QUBR_2022_0189,TRUE,Good,Green,0.179,,,DTB,TRUE
TCB-05490,QUBR_2022_0188,TRUE,Good?,Green,0.162,white splotches,,DTB,TRUE
TCB-05491,QUBR_2022_0197,TRUE,Good,Green,0.293,,,DTB,TRUE
TCB-05492,QUBR_2022_0186,TRUE,Good,Green,0.240,,,DTB,TRUE
TCB-05493,QUBR_2022_0185,TRUE,Good,Green,0.169,,,DTB,TRUE
TCB-05494,QUBR_2022_0190,TRUE,Good?,Green,0.256,white splotches,,DTB,TRUE
TCB-05495,QUBR_2022_0184,TRUE,Good?,Green,0.205,white splotches,,DTB,TRUE
TCB-05496,QUBR_2022_0183,TRUE,Good?,Green,0.169,white splotches,,DTB,TRUE
TCB-05497,QUBR_2022_0182,TRUE,Good?,Green,0.383,white patches; some leaves have brown spots,,DTB,TRUE
TCB-05498,QUBR_2022_0181,TRUE,Good?,Green,0.304,white splotches,,DTB,TRUE
TCB-05499,QUBR_2022_0177,TRUE,Good,Green,0.150,,,DTB,TRUE
TCB-05500,QUBR_2022_0178,TRUE,Good?,Green,0.242,white splotches,,DTB,TRUE
TCB-05501,QUBR_2022_0176,TRUE,Good,Green,0.231,,,DTB,TRUE
TCB-05502,QUBR_2022_0174,TRUE,Good?,Green,0.271,small white dots,,DTB,TRUE
TCB-05503,QUBR_2022_0173,TRUE,Good?,Green,0.253,one brown patch on the largest leaf,,DTB,TRUE
TCB-05504,QUBR_2022_0165,TRUE,Good?,Green,0.160,white splotches,,DTB,TRUE
TCB-05505,QUBR_2022_0164,TRUE,Good?,Green,0.185,white splotches,,DTB,TRUE
TCB-05506,QUBR_2022_0163,TRUE,Good?,Green,0.067,white splotches,,DTB,TRUE
TCB-05507,QUBR_2022_0172,TRUE,Good,Green,0.184,,,DTB,TRUE
TCB-05508,QUBR_2022_0162,TRUE,Good?,Green/Brown,0.187,white splotches; brown tip on one leaf,,DTB,TRUE
TCB-05509,QUBR_2022_0171,TRUE,Good?,Green,0.270,white splotches,,DTB,TRUE
TCB-05510,QUBR_2022_0170,TRUE,Good,Green,0.149,,,DTB,TRUE
TCB-05511,QUBR_2022_0169,TRUE,Good,Green,0.243,,,DTB,TRUE
TCB-05512,QUBR_2022_0167,TRUE,Good?,Green,0.165,white splotches,,DTB,TRUE
TCB-05513,QUBR_2022_0161,TRUE,Good?,Green,0.064,white splotches,,DTB,TRUE
TCB-05514,QUBR_2022_0166,TRUE,Good?,Green,0.189,white splotches/patches,,DTB,TRUE
TCB-05515,QUBR_2022_0160,TRUE,Good?,Green,0.324,white splotches,,DTB,TRUE
TCB-05516,QUBR_2022_0235,TRUE,Good?,Green,0.223,white splotches,,DTB,TRUE
TCB-05517,QUBR_2022_0159,TRUE,Good,Green,0.173,,,DTB,TRUE
TCB-05518,QUBR_2022_0158,TRUE,Good,Green,0.180,,,DTB,TRUE
TCB-05519,QUBR_2022_0157,TRUE,Good?,Green,0.241,white splotches and brown spot,,DTB,TRUE
TCB-05520,QUBR_2022_0156,TRUE,Good?,Green,0.173,white patches and brown spots,"Leaf tissue color: ""Green (mostly)""",DTB,TRUE
TCB-05521,QUBR_2022_0155,TRUE,Good?,Green,0.141,white splotches; brown spots (1 on each leaf),,DTB,TRUE
TCB-05522,QUBR_2022_0154,TRUE,Good,Green,0.225,,,DTB,TRUE
TCB-05523,QUBR_2022_0153,TRUE,Good?,Green,0.172,white splotches; necrotic brown spot,,DTB,TRUE
TCB-05524,QUBR_2022_0152,TRUE,Good?,Green,0.206,white splotches,,DTB,TRUE
TCB-05525,QUBR_2022_0151,TRUE,Good?,Green,0.163,white splotches,,DTB,TRUE
TCB-05526,QUBR_2022_0150,TRUE,Good?,Green,0.112,white splotches; brown spot,,DTB,TRUE
TCB-05527,QUBR_2022_0149,TRUE,Good,Green,0.315,,,DTB,TRUE
TCB-05528,QUBR_2022_0148,TRUE,Good?,Green,0.134,white splotches; small brown dots,,DTB,TRUE
TCB-05529,QUBR_2022_0147,TRUE,Good?,Green,0.272,white splotches; patch of necrotic tissue,,DTB,TRUE
TCB-05530,QUBR_2022_0146,TRUE,Good,Green,0.160,,,DTB,TRUE
TCB-05531,QUBR_2022_0145,TRUE,Good,Green,0.166,,,DTB,TRUE
TCB-05532,QUBR_2022_0143,TRUE,Good?,Green,0.218,white splotches; brown tips with necrotic tissue,,DTB,TRUE
TCB-05533,QUBR_2022_0142,TRUE,Good,Green,0.098,,,DTB,TRUE
TCB-05534,QUBR_2022_0144,TRUE,Good,Green,0.173,,,DTB,TRUE
TCB-05535,QUBR_2022_0141,TRUE,Good,Green,0.170,,,DTB,TRUE
TCB-05536,QUBR_2022_0140,TRUE,Good?,Green,0.226,white splotches; one large black spot,,DTB,TRUE
TCB-05537,QUBR_2022_0139,TRUE,Good?,Green,0.203,white splotches,,DTB,TRUE
TCB-05538,QUBR_2022_0138,TRUE,Good?,Green,0.131,white splotches,,DTB,TRUE
TCB-05539,QUBR_2022_0137,TRUE,Good,Green,0.193,,,DTB,TRUE
TCB-05540,QUBR_2022_0136,TRUE,Good?,Green,0.113,white splotches,,DTB,TRUE
TCB-05541,QUBR_2022_0135,TRUE,Good?,Green,0.297,white splotches,,DTB,TRUE
TCB-05542,QUBR_2022_0134,TRUE,Good?,Green,0.299,white splotches,,DTB,TRUE
TCB-05543,QUBR_2022_0133,TRUE,Good?,Green,0.317,white splotches; some light brown spots,,DTB,TRUE
TCB-05544,QUBR_2022_0126,TRUE,Good?,Green,0.131,white splotches,,DTB,TRUE
TCB-05545,QUBR_2022_0125,TRUE,Good?,Green,0.275,white splotches,,DTB,TRUE
TCB-05546,QUBR_2022_0124,TRUE,Good?,Green,0.221,1/2 leaves with necrotic spots,,DTB,TRUE
TCB-05547,QUBR_2022_0122,TRUE,Good,Green,0.179,,,DTB,TRUE
TCB-05548,QUBR_2022_0121,TRUE,Good?,Green,0.229,white splotches,,DTB,TRUE
TCB-05549,QUBR_2022_0132,TRUE,Good?,Green,0.154,pale white splotches,,DTB,TRUE
TCB-05550,QUBR_2022_0131,TRUE,Good,Green,0.255,,,DTB,TRUE
TCB-05551,QUBR_2022_0130,TRUE,Good,Green,0.212,,,DTB,TRUE
TCB-05552,QUBR_2022_0120,TRUE,Good?,Green,0.309,white splotches,,DTB,TRUE
TCB-05553,QUBR_2022_0119,TRUE,Good?,Green,0.154,white splotches,,DTB,TRUE
TCB-05554,QUBR_2022_0118,TRUE,Necrotic,Brown,0.133,brown edges around leaves; center of the leaf is green,,DTB,TRUE
TCB-05555,QUBR_2022_0129,TRUE,Good?,Green,0.336,light white patches,,DTB,TRUE
TCB-05556,QUBR_2022_0128,TRUE,Good,Green,0.220,,,DTB,TRUE
TCB-05557,QUBR_2022_0127,TRUE,Good?,Green,0.217,white splotches,,DTB,TRUE
TCB-05558,QUBR_2022_0239,TRUE,Good?,Green,0.107,white splotches,,DTB,TRUE
TCB-05559,QUBR_2022_0115,TRUE,Good?,Green,0.240,white splotches; brown ends on leaves,,DTB,TRUE
TCB-05560,QUBR_2022_0117,TRUE,Good,Green,0.206,,,DTB,TRUE
TCB-05561,QUBR_2022_0116,TRUE,Good?,Green,0.410,white splotches,,DTB,TRUE
TCB-05562,QUBR_2022_0114,TRUE,Good?,Green,0.147,,,DTB,TRUE
TCB-05563,QUBR_2022_0238,TRUE,Good?,Green,0.063,,,DTB,TRUE
TCB-05564,QUBR_2022_0236,TRUE,Good,Green,0.248,,,DTB,TRUE
TCB-05565,QUBR_2022_0241,TRUE,Good?,Green,0.242,,,DTB,TRUE
TCB-05566,QUBR_2022_0242,TRUE,Good,Green,0.156,,,DTB,TRUE
TCB-05567,QUBR_2022_0244,TRUE,Good?,Green,0.197,,,DTB,TRUE
TCB-05568,QUBR_2022_0247,TRUE,Good,Green,0.246,,,DTB,TRUE
TCB-05569,QUBR_2022_0243,TRUE,Good?,Green,0.210,,,DTB,TRUE
TCB-05570,QUBR_2022_0246,TRUE,Good?,Green,0.227,,,DTB,TRUE
TCB-05571,QUBR_2022_0249,TRUE,Good?,Green,0.197,,,DTB,TRUE
TCB-05572,QUBR_2022_0251,TRUE,Good?,Green,0.228,,,DTB,TRUE
TCB-05573,QUBR_2022_0250,TRUE,Good?,Green,0.245,,,DTB,TRUE
TCB-05574,QUBR_2022_0245,TRUE,Good?,Green,0.264,,,DTB,TRUE
TCB-05575,QUBR_2022_0248,TRUE,Good?,Green,0.211,,,DTB,TRUE
TCB-05576,QUBR_2022_0300,TRUE,Good,Green,0.252,,,DTB,TRUE
TCB-05577,QUBR_2022_0295,TRUE,Good?,Green,0.343,,,DTB,TRUE
TCB-05578,QUBR_2022_0294,TRUE,Good,Green,0.090,,,DTB,TRUE
TCB-05579,QUBR_2022_0293,TRUE,Good,Green,0.091,,,DTB,TRUE
TCB-05580,QUBR_2022_0280,TRUE,Good?,Green,0.100,,,DTB,TRUE
TCB-05581,QUBR_2022_0292,TRUE,Good?,Green,0.277,,,DTB,TRUE
TCB-05582,QUBR_2022_0335,TRUE,Good,Green,0.237,,,DTB,TRUE
TCB-05583,QUBR_2022_0333,TRUE,Good,Green,0.113,,,DTB,TRUE
TCB-05584,QUBR_2022_0330,TRUE,Good?,Green,0.351,tiny brown spots,,DTB,TRUE
TCB-05585,QUBR_2022_0327,TRUE,Good,Green,0.218,,,DTB,TRUE
TCB-05586,QUBR_2022_0302,TRUE,Good?,Green,0.105,white splotches,,DTB,TRUE
TCB-05587,QUBR_2022_0299,TRUE,Good,Green,0.194,,,DTB,TRUE
TCB-05588,QUBR_2022_0298,TRUE,Good?,Green,0.143,small brown spots,,DTB,TRUE
TCB-05589,QUBR_2022_0279,TRUE,Good?,Green,0.188,white splotches,,DTB,TRUE
TCB-05590,QUBR_2022_0278,TRUE,Good?,Green,0.336,white splotches,,DTB,TRUE
TCB-05591,QUBR_2022_0277,TRUE,Good,Green,0.238,,,DTB,TRUE
TCB-05592,QUBR_2022_0296,TRUE,Good,Green,0.172,,,DTB,TRUE
TCB-05593,QUBR_2022_0286,TRUE,Necrotic,Brown/Green,0.247,one large brown patch on biggest leaf; brown spots,,DTB,TRUE
TCB-05594,QUBR_2022_0276,TRUE,Good?,Green,0.111,white splotches,,DTB,TRUE
TCB-05595,QUBR_2022_0297,TRUE,Good,Green,0.152,,,DTB,TRUE
TCB-05596,QUBR_2022_0275,TRUE,Good,Green,0.154,,,DTB,TRUE
TCB-05597,QUBR_2022_0291,TRUE,Good?,Green,0.343,brown specks,,DTB,TRUE
TCB-05598,QUBR_2022_0350,TRUE,Good,Green,0.086,,,DTB,TRUE
TCB-05599,QUBR_2022_0274,TRUE,Good?,Green,0.290,white spots,,DTB,TRUE
TCB-05600,QUBR_2022_0290,TRUE,Good?,Green,0.205,brown spots,,DTB,TRUE
TCB-05601,QUBR_2022_0284,TRUE,Good?,Green,0.255,brown and white patches,,DTB,TRUE
TCB-05602,QUBR_2022_0289,TRUE,Good,Green,0.089,,,DTB,TRUE
TCB-05603,QUBR_2022_0340,TRUE,Good,Green,0.201,,,DTB,TRUE
TCB-05604,QUBR_2022_0326,TRUE,Good?,Green,0.316,brown patches on one leaf,,DTB,TRUE
TCB-05605,QUBR_2022_0287,TRUE,Good?,Green,0.136,tiny brown spots,,DTB,TRUE
TCB-05606,QUBR_2022_0334,TRUE,Good,Green,0.137,,,DTB,TRUE
TCB-05607,QUBR_2022_0324,TRUE,Good,Green,0.061,,,DTB,TRUE
TCB-05608,QUBR_2022_0272,TRUE,Good?,Green,0.384,brown splotches,,DTB,TRUE
TCB-05609,QUBR_2022_0323,TRUE,Good,Green,0.125,,,DTB,TRUE
TCB-05610,QUBR_2022_0339,TRUE,Good?,Green,0.176,pale white splotches,,DTB,TRUE
TCB-05611,QUBR_2022_0285,TRUE,Good?,Green,0.191,white splotches; brown tip on largest leaf,,DTB,TRUE
TCB-05612,QUBR_2022_0345,TRUE,Good?,Green,0.192,brown dots,,DTB,TRUE
TCB-05613,QUBR_2022_0264,TRUE,Good,Green,0.261,,,DTB,TRUE
TCB-05614,QUBR_2022_0263,TRUE,Good?,Green,0.254,white splotches; small brown spots,,DTB,TRUE
TCB-05615,QUBR_2022_0332,TRUE,Good?,Green,0.253,one brown patch on largest leaf sample,,DTB,TRUE
TCB-05616,QUBR_2022_0348,TRUE,Good?,Green,0.067,dark green tissue with white and brown spots,,DTB,TRUE
TCB-05617,QUBR_2022_0338,TRUE,Good,Green,0.190,,,DTB,TRUE
TCB-05618,QUBR_2022_0337,TRUE,Good?,Green,0.230,white splotches,,DTB,TRUE
TCB-05619,QUBR_2022_0281,TRUE,Good,Green,0.088,,,DTB,TRUE
TCB-05620,QUBR_2022_0262,TRUE,Good?,Green,0.258,white and brown spots,,DTB,TRUE
TCB-05621,QUBR_2022_0282,TRUE,Good?,Green,0.115,white splotches,,DTB,TRUE
TCB-05622,QUBR_2022_0261,TRUE,Good,Green,0.210,,,DTB,TRUE
TCB-05623,QUBR_2022_0260,TRUE,Good?,Green,0.154,tiny brown spots,,DTB,TRUE
TCB-05624,QUBR_2022_0283,TRUE,Good,Green,0.292,,,DTB,TRUE
TCB-05625,QUBR_2022_0259,TRUE,Good?,Green,0.272,white splotches and brown patches/spots,,DTB,TRUE
TCB-05626,QUBR_2022_0273,TRUE,Good?,Green,0.147,white splotches and tiny black spot,,DTB,TRUE
TCB-05627,QUBR_2022_0258,TRUE,Good,Green,0.252,,,DTB,TRUE
TCB-05628,QUBR_2022_0265,TRUE,Good,Green,0.319,,,DTB,TRUE
TCB-05629,QUBR_2022_0257,TRUE,Good?,Green,0.300,small brown spots,,DTB,TRUE
TCB-05630,QUBR_2022_0266,TRUE,Good?,Green,0.304,white splotches; brown spots,,DTB,TRUE
TCB-05631,QUBR_2022_0256,TRUE,Good?,Green,0.164,white splotches,,DTB,TRUE
TCB-05632,QUBR_2022_0267,TRUE,Good?,Green,0.191,white splotches,,DTB,TRUE
TCB-05633,QUBR_2022_0328,TRUE,Good,Green,0.242,,,DTB,TRUE
TCB-05634,QUBR_2022_0325,TRUE,Good,Green,0.231,,,DTB,TRUE
TCB-05635,QUBR_2022_0322,TRUE,Good?,Green,0.273,small black dots,,DTB,TRUE
TCB-05636,QUBR_2022_0271,TRUE,1 Good; 1 Necrotic,Green/Black,0.084,1 leaf is necrotic with dark green/black tissue,,DTB,TRUE
TCB-05637,QUBR_2022_0349,TRUE,Good,Green,0.062,,,DTB,TRUE
TCB-05638,QUBR_2022_0347,TRUE,Good,Green,0.311,,,DTB,TRUE
TCB-05639,QUBR_2022_0270,TRUE,Good?,Green,0.173,tiny black/brown spots,,DTB,TRUE
TCB-05640,QUBR_2022_0344,TRUE,Good,Green,0.113,small brown patch on one leaf,,DTB,TRUE
TCB-05641,QUBR_2022_0343,TRUE,Good?,Green,0.120,white splotches,,DTB,TRUE
TCB-05642,QUBR_2022_0346,TRUE,Good,Green,0.173,,,DTB,TRUE
TCB-05643,QUBR_2022_0342,TRUE,Good?,Green,0.147,,,DTB,TRUE
TCB-05644,QUBR_2022_0320,TRUE,Good?,Green,0.184,,,DTB,TRUE
TCB-05645,QUBR_2022_0331,TRUE,Good?,Green,0.130,,,DTB,TRUE
TCB-05646,QUBR_2022_0311,TRUE,Good,Green,0.147,,,DTB,TRUE
TCB-05647,QUBR_2022_0319,TRUE,Good,Green,0.190,,,DTB,TRUE
TCB-05648,QUBR_2022_0310,TRUE,Good,Green,0.165,,,DTB,TRUE
TCB-05649,QUBR_2022_0318,TRUE,Good?,Green,0.211,,,DTB,TRUE
TCB-05650,QUBR_2022_0309,TRUE,Good?,Green,0.218,,,DTB,TRUE
TCB-05651,QUBR_2022_0317,TRUE,Good?,Green,0.135,,,DTB,TRUE
TCB-05652,QUBR_2022_0252,TRUE,Good?,Green,0.146,,,DTB,TRUE
TCB-05653,QUBR_2022_0269,TRUE,Good?,Green,0.241,,,DTB,TRUE
TCB-05654,QUBR_2022_0308,TRUE,Good,Green,0.276,,,DTB,TRUE
TCB-05655,QUBR_2022_0307,TRUE,Good,Green,0.208,,,DTB,TRUE
TCB-05656,QUBR_2022_0316,TRUE,Good?,Green,0.255,,,DTB,TRUE
TCB-05657,QUBR_2022_0306,TRUE,Good?,Green,0.099,,,DTB,TRUE
TCB-05658,QUBR_2022_0305,TRUE,Good,Green,0.086,,,DTB,TRUE
TCB-05659,QUBR_2022_0341,TRUE,Good,Green,0.179,,,DTB,TRUE
TCB-05660,QUBR_2022_0315,TRUE,Good?,Green,0.132,,,DTB,TRUE
TCB-05661,QUBR_2022_0314,TRUE,1 Necrotic; 1 Good,Black/Green,0.169,,,DTB,TRUE
TCB-05662,QUBR_2022_0321,TRUE,Necrotic?,Dark Green/Black,0.037,,,DTB,TRUE
TCB-05663,QUBR_2022_0313,TRUE,1 Necrotic; 1 Good?,Black/Green,0.160,one leaf is necrotic; large leaf has white splotches,,DTB,TRUE
TCB-05664,QUBR_2022_0312,TRUE,Good?,Green,0.151,small brown spots,,DTB,TRUE
TCB-05665,QUBR_2022_0329,TRUE,Necrotic,Dark Green,0.026,brown edges; leaf tissue is dark green fading to black,,DTB,TRUE
TCB-05666,QUBR_2022_0304,TRUE,Good?,Green,0.208,white splotches,,DTB,TRUE
TCB-05667,QUBR_2022_0303,TRUE,Necrotic,Black/Green,0.029,dark green necrotic tissue fades to black along edges,,DTB,TRUE
TCB-05668,QUBR_2022_0253,TRUE,Good?,Green,0.236,white splotches,,DTB,TRUE
TCB-05669,QUBR_2022_0336,TRUE,Good,Green,0.223,,,DTB,TRUE
TCB-05670,QUBR_2022_0301,TRUE,Good,Green,0.147,,,DTB,TRUE
TCB-05671,QUBR_2022_0255,TRUE,Good,Green,0.276,,,DTB,TRUE
TCB-05672,QUBR_2022_0254,TRUE,Good,Green,0.243,,,DTB,TRUE
TCB-05673,QUBR_2022_0268,TRUE,Good,Green,0.118,1/3 necrotic with white spots,,DTB,TRUE
TCB-05674,QUBR_2022_0361,TRUE,Good,Green,0.111,,,DTB,TRUE
TCB-05675,QUBR_2022_0360,TRUE,Good,Green,0.111,,,DTB,TRUE
TCB-05676,QUBR_2022_0359,TRUE,Necrotic?,Green,0.041,"partially necrotic, no mold",,DTB,TRUE
TCB-05677,QUBR_2022_0358,TRUE,Good,Green,0.243,,,DTB,TRUE
TCB-05678,QUBR_2022_0357,TRUE,Good,Green,0.165,,,DTB,TRUE
TCB-05679,QUBR_2022_0356,TRUE,Necrotic?,Green,0.111,"brittle, partially necrotic",,DTB,TRUE
TCB-05680,QUBR_2022_0355,TRUE,Good,Green,0.214,,,DTB,TRUE
TCB-05681,QUBR_2022_0354,TRUE,Necrotic?,Green,0.148,1/3 has necrotic area,,DTB,TRUE
TCB-05682,QUBR_2022_0353,TRUE,Good,Green,0.140,,,DTB,TRUE
TCB-05683,QUBR_2022_0376,TRUE,Good?,Green,0.175,white splotches and scattered brown spots,,DTB,TRUE
TCB-05684,QUBR_2022_0351,TRUE,Good?,Green,0.051,white splotches,,DTB,TRUE
TCB-05685,QUBR_2022_0352,TRUE,Necrotic?,Turning black,0.040,turning black at tips,,DTB,TRUE
TCB-05686,QUBR_2022_0362,TRUE,Good?,Green,0.122,turning black at tips,,DTB,TRUE
TCB-05687,QUBR_2022_0363,TRUE,Good,Green,0.103,,,DTB,TRUE
TCB-05688,QUBR_2022_0364,TRUE,Good?,Green,0.277,some brown spots,,DTB,TRUE
TCB-05689,QUBR_2022_0385,TRUE,Necrotic?,Turning black,0.016,dark green tissue turning black at the tip,,DTB,TRUE
TCB-05690,QUBR_2022_0378,TRUE,Good,Green,0.228,,,DTB,TRUE
TCB-05691,QUBR_2022_0386,TRUE,Good,Green,0.300,,,DTB,TRUE
TCB-05692,QUBR_2022_0365,TRUE,Good,Green,0.272,,,DTB,TRUE
TCB-05693,QUBR_2022_0379,TRUE,Good?,Green,0.234,white splotches,,DTB,TRUE
TCB-05694,QUBR_2022_0387,TRUE,Good,Green,0.172,,,DTB,TRUE
TCB-05695,QUBR_2022_0381,TRUE,Good,Green,0.159,,,DTB,TRUE
TCB-05696,QUBR_2022_0388,TRUE,1 turning necrotic; 1 good,1 turning black; 1 green,0.338,dark green tissue turning black,,DTB,TRUE
TCB-05697,QUBR_2022_0382,TRUE,Good,Green,0.131,,,DTB,TRUE
TCB-05698,QUBR_2022_0366,TRUE,Good,Green,0.188,,,DTB,TRUE
TCB-05699,QUBR_2022_0367,TRUE,Turning necrotic,Dark green (turning black),0.027,necrotic tissue is still a deep green,,DTB,TRUE
TCB-05700,QUBR_2022_0368,TRUE,Good,Green,0.164,,,DTB,TRUE
TCB-05701,QUBR_2022_0380,TRUE,Good,Green,0.188,,,DTB,TRUE
TCB-05702,QUBR_2022_0369,TRUE,Good?,Green,0.206,white splotches,,DTB,TRUE
TCB-05703,QUBR_2022_0370,TRUE,1 Necrotic; 2 Good?,1 Black; 2 Green,0.194,1 leaf beginning necrosis; 2 leaves green with small spots,,DTB,TRUE
TCB-05704,QUBR_2022_0371,TRUE,1 Necrotic; 1 Good?,Black/Green,0.089,1 starting necrosis; white splotches,,DTB,TRUE
TCB-05705,QUBR_2022_0372,TRUE,Good,Green,0.157,,,DTB,TRUE
TCB-05706,QUBR_2022_0377,TRUE,Good,Green,0.206,,,DTB,TRUE
TCB-05707,QUBR_2022_0383,TRUE,Good?,Green,0.252,white splotches,,DTB,TRUE
TCB-05708,QUBR_2022_0389,TRUE,Good,Green,0.111,,,DTB,TRUE
TCB-05709,QUBR_2022_0384,TRUE,Good?,Green,0.121,black line down the middle of one leaf,,DTB,TRUE
TCB-05710,QUBR_2022_0390,TRUE,Good,Green,0.212,,,DTB,TRUE
TCB-05711,QUBR_2022_0395,TRUE,Good,Green,0.199,,,DTB,TRUE
TCB-05712,QUBR_2022_0391,TRUE,Good,Green,0.184,,,DTB,TRUE
TCB-05713,QUBR_2022_0396,TRUE,1 Necrotic; 1 Good?,1 Black; 1 Green,0.199,1 beginning necrosis; other leaf has small spots,,DTB,TRUE
TCB-05714,QUBR_2022_0373,TRUE,Good?,Green,0.168,white splotches,,DTB,TRUE
TCB-05715,QUBR_2022_0374,TRUE,1 Necrotic; 2 Good?,1 turning black; 2 green,0.236,1 dark green leaf starting necrosis; white splotches,,DTB,TRUE
TCB-05716,QUBR_2022_0375,TRUE,1 Necrotic; 2 Good,1 turning black; 2 green,0.269,"1 very small leaf necrotic, black margins",,DTB,TRUE
TCB-05717,QUBR_2022_0392,TRUE,Good?,Green,0.061,"brown margins, beginning necrosis",,DTB,TRUE
TCB-05718,QUBR_2022_0393,TRUE,Good,Green,0.125,,,DTB,TRUE
TCB-05719,QUBR_2022_0398,TRUE,Good,Green,0.196,,,DTB,TRUE
TCB-05720,QUBR_2022_0394,TRUE,Good,Green,0.209,,,DTB,TRUE
TCB-05721,QUBR_2022_0400,TRUE,Good,Green,0.203,,,DTB,TRUE
TCB-05722,QUBR_2022_0397,TRUE,Good,Green,0.293,,,DTB,TRUE
TCB-05723,QUBR_2022_0404,TRUE,Good,Green,0.229,,,DTB,TRUE
TCB-05724,QUBR_2022_0399,TRUE,Good,Green,0.151,,,DTB,TRUE
TCB-05725,QUBR_2022_0405,TRUE,Good,Green,0.099,,,DTB,TRUE
TCB-05726,QUBR_2022_0401,TRUE,Good,Green,0.307,,,DTB,TRUE
TCB-05727,QUBR_2022_0407,TRUE,Good,Green,0.105,,,DTB,TRUE
TCB-05728,QUBR_2022_0408,TRUE,Good,Green,0.193,,,DTB,TRUE
TCB-05729,QUBR_2022_0402,TRUE,Good,Green,0.144,,,DTB,TRUE
TCB-05730,QUBR_2022_0406,TRUE,Good,Green,0.080,,,DTB,TRUE
TCB-05731,QUBR_2022_0410,TRUE,1 Good; 1 Necrotic,Green,0.102,1/2 beginning necrosis,,DTB,TRUE
TCB-05732,QUBR_2022_0409,TRUE,Good,Green,0.309,,,DTB,TRUE
TCB-05733,QUBR_2022_0411,TRUE,Good,Green,0.100,brown splotches,,DTB,TRUE
TCB-05734,QUBR_2022_0412,TRUE,Good,Green/Brown,0.158,,,DTB,TRUE
TCB-05735,QUBR_2022_0413,TRUE,Good,Green,0.223,,,DTB,TRUE
TCB-05736,QUBR_2022_0414,TRUE,Necrotic?,Green,0.109,begining necrosis,,DTB,TRUE
TCB-05737,QUBR_2022_0415,TRUE,Necrotic,Green,0.024,,,DTB,TRUE
TCB-05738,QUBR_2022_0416,TRUE,1 Good; 1 Necrotic,Green,0.115,1/2 necrotic,,DTB,TRUE
TCB-05739,QUBR_2022_0417,TRUE,Good,Green,0.185,,,DTB,TRUE
TCB-05740,QUBR_2022_0418,TRUE,1 Good; 1 Necrotic,Green,0.091,,,DTB,TRUE
TCB-05741,QUBR_2022_0419,TRUE,Necrotic?,Green,0.064,,,DTB,TRUE
TCB-05742,QUBR_2022_0420,TRUE,Necrotic?,Green,0.117,,,DTB,TRUE
TCB-05743,QUBR_2022_0421,TRUE,Necrotic?,Green,0.030,,,DTB,TRUE
TCB-05744,QUBR_2022_0422,TRUE,Necrotic?,Green,0.103,,,DTB,TRUE
TCB-05745,QUBR_2022_0423,TRUE,1 Good; 1 Necrotic,Green,0.120,,,DTB,TRUE
TCB-05746,QUBR_2022_0424,TRUE,Good?,Green,0.095,,,DTB,TRUE
TCB-05747,QUBR_2022_0425,TRUE,Good?,Green,0.152,,,DTB,TRUE
TCB-05748,QUBR_2022_0426,TRUE,Good?,Green,0.099,,,DTB,TRUE
TCB-05749,QUBR_2022_0427,TRUE,1 Good; 1 Necrotic,Green,0.071,,,DTB,TRUE
TCB-05750,QUBR_2022_0428,TRUE,1 Good; 1 Necrotic,Green/Brown,0.139,Brown splotches,,DTB,TRUE
TCB-05751,QUBR_2022_0429,TRUE,Good?,Green,0.044,,,DTB,TRUE
TCB-05752,QUBR_2022_0431,TRUE,Good?,Green,0.058,,,DTB,TRUE
TCB-05753,QUBR_2022_0432,TRUE,Good,Green,0.042,,,DTB,TRUE
TCB-05754,QUBR_2022_0433,TRUE,2 Good; 1 Necrotic,Green/Black,0.078,1 with black margins,,DTB,TRUE
TCB-05755,QUBR_2022_0434,TRUE,Good,Green,0.094,,,DTB,TRUE
TCB-05756,QUBR_2022_0435,TRUE,Necrotic?,Green/Black,0.048,,,DTB,TRUE
TCB-05757,QUBR_2022_0436,TRUE,Necrotic,Green,0.085,,,DTB,TRUE
TCB-05758,QUBR_2022_0437,TRUE,Good,Green,0.042,,,DTB,TRUE
TCB-05759,QUBR_2022_0438,TRUE,Good,Green,0.091,,,DTB,TRUE
TCB-05760,QUBR_2022_0439,TRUE,Necrotic?,Green,0.061,,,DTB,TRUE
TCB-05761,QUBR_2022_0440,TRUE,Good,Green,0.130,,,DTB,TRUE
TCB-05762,QUBR_2022_0441,TRUE,Good,Green,0.074,,,DTB,TRUE
TCB-05763,QUBR_2022_0442,TRUE,Good,Green,0.094,,,DTB,TRUE
TCB-05764,QUBR_2022_0443,TRUE,Good,Green/Brown,0.063,Brown splotches,,DTB,TRUE
TCB-05765,QUBR_2022_0444,TRUE,Good,Green,0.102,,,DTB,TRUE
TCB-05766,QUBR_2022_0445,TRUE,Good,Green,0.055,,,DTB,TRUE
TCB-05767,QUBR_2022_0446,TRUE,Necrotic?,Green/Black,0.105,"Black margins, beginning necrosis",,DTB,TRUE
TCB-05768,QUBR_2022_0447,TRUE,Good?,Green,0.132,,,DTB,TRUE
TCB-05769,QUBR_2022_0448,TRUE,Good,Green,0.038,,"Datasheet lists weight as ""0.38"", I think it was supposed to be 0.038",DTB,TRUE
TCB-05770,QUBR_2022_0449,TRUE,Necrotic?,Green/Brown,0.211,"1 with brown splotches, 1 beginning necrosis",,DTB,TRUE
TCB-05771,QUBR_2022_0450,TRUE,Good,Green/Brown,0.065,,,DTB,TRUE
TCB-05772,QUBR_2022_0451,TRUE,Good,Green,0.061,,,DTB,TRUE
TCB-05773,QUBR_2022_0564,TRUE,Good,Green,0.055,,,DTB,TRUE
TCB-05774,QUBR_2022_0541,TRUE,Good?,Green,0.052,white splotches,,DTB,TRUE
TCB-05775,QUBR_2022_0535,TRUE,Good?,Green,0.029,white splotches,,DTB,TRUE
TCB-05776,QUBR_2022_0534,TRUE,Good,Green,0.088,,,DTB,TRUE
TCB-05777,QUBR_2022_0533,TRUE,Good?,Green,0.091,large brown patches on both leaves,,DTB,TRUE
TCB-05778,QUBR_2022_0532,TRUE,Good?,Green,0.066,white splotches,,DTB,TRUE
TCB-05779,QUBR_2022_0530,TRUE,Good,Green,0.019,,,DTB,TRUE
TCB-05780,QUBR_2022_0529,TRUE,Good?,Green,0.178,white splotches,,DTB,TRUE
TCB-05781,QUBR_2022_0531,TRUE,1 Good; 1 Necrotic,Green/Brown,0.050,necrosis starting on edge of leaf tissue,,DTB,TRUE
TCB-05782,QUBR_2022_0527,TRUE,Good?,Green,0.206,1 leaf has white splotches,,DTB,TRUE
TCB-05783,QUBR_2022_0528,TRUE,Good?,Green,0.058,1 leaf has white splotches,,DTB,TRUE
TCB-05784,QUBR_2022_0526,TRUE,Good,Green,0.095,,,DTB,TRUE
TCB-05785,QUBR_2022_0525,TRUE,Good,Green,0.013,,,DTB,TRUE
TCB-05786,QUBR_2022_0524,TRUE,Good,Green,0.058,,,DTB,TRUE
TCB-05787,QUBR_2022_0548,TRUE,Good,Green,0.022,,,DTB,TRUE
TCB-05788,QUBR_2022_0523,TRUE,Good?,Green,0.096,white splotches,,DTB,TRUE
TCB-05789,QUBR_2022_0522,TRUE,Good?,Green,0.070,white splotches,,DTB,TRUE
TCB-05790,QUBR_2022_0521,TRUE,Good?,Green,0.037,white splotches,,DTB,TRUE
TCB-05791,QUBR_2022_0520,TRUE,Good?,Green,0.031,white splotches and a couple brown spots,,DTB,TRUE
TCB-05792,QUBR_2022_0470,TRUE,Good?,Green,0.045,several brown patches on leaf,,DTB,TRUE
TCB-05793,QUBR_2022_0469,TRUE,Moldy?,Green,0.066,white/brown fuzzy patches on tissue,,DTB,TRUE
TCB-05794,QUBR_2022_0539,TRUE,Good?,Green,0.048,white splotches,,DTB,TRUE
TCB-05795,QUBR_2022_0468,TRUE,Good?,Green,0.047,white splotches,,DTB,TRUE
TCB-05796,QUBR_2022_0540,TRUE,Good,Green,0.047,,,DTB,TRUE
TCB-05797,QUBR_2022_0467,TRUE,Good?,Green,0.059,white splotches,,DTB,TRUE
TCB-05798,QUBR_2022_0466,TRUE,Necrotic,Green/Black,0.055,"necrosis starting in tissue, black patches in center",,DTB,TRUE
TCB-05799,QUBR_2022_0465,TRUE,Good?,Green,0.067,tiny scattered white spots,,DTB,TRUE
TCB-05800,QUBR_2022_0563,TRUE,Necrosis,Green/Black,0.011,necrosis starting in tissue edges turning black,,DTB,TRUE
TCB-05801,QUBR_2022_0565,TRUE,Good?,Green,0.129,1 leaf with white splotches,,DTB,TRUE
TCB-05802,QUBR_2022_0464,TRUE,Good,Green,0.050,,,DTB,TRUE
TCB-05803,QUBR_2022_0453,TRUE,Good,Green,0.116,,,DTB,TRUE
TCB-05804,QUBR_2022_0454,TRUE,Good,Green,0.038,,,DTB,TRUE
TCB-05805,QUBR_2022_0455,TRUE,Good,Green,0.116,,,DTB,TRUE
TCB-05806,QUBR_2022_0459,TRUE,Good,Green,0.110,,,DTB,TRUE
TCB-05807,QUBR_2022_0460,TRUE,Necrotic,Green,0.018,beginning necrosis,,DTB,TRUE
TCB-05808,QUBR_2022_0461,TRUE,Necrotic,Green/Brown,0.109,,,DTB,TRUE
TCB-05809,QUBR_2022_0462,TRUE,Good,Green,0.123,,,DTB,TRUE
TCB-05810,QUBR_2022_0463,TRUE,Necrotic?,Green/Brown,0.045,"brown splotches, beginning necrosis",,DTB,TRUE
TCB-05811,QUBR_2022_0471,TRUE,Good,Green,0.054,,,DTB,TRUE
TCB-05812,QUBR_2022_0472,TRUE,Good,Green,0.038,,,DTB,TRUE
TCB-05813,QUBR_2022_0473,TRUE,Good,Green,0.057,,,DTB,TRUE
TCB-05814,QUBR_2022_0474,TRUE,Good,Green,0.117,,,DTB,TRUE
TCB-05815,QUBR_2022_0475,TRUE,Good,Green/Brown,0.031,,,DTB,TRUE
TCB-05816,QUBR_2022_0477,TRUE,Good,Green,0.076,,,DTB,TRUE
TCB-05817,QUBR_2022_0478,TRUE,Necrotic,Green/Black,0.083,1/2 with black margins,,DTB,TRUE
TCB-05818,QUBR_2022_0479,TRUE,Good,Green,0.040,,,DTB,TRUE
TCB-05819,QUBR_2022_0480,TRUE,Good,Green,0.025,,,DTB,TRUE
TCB-05820,QUBR_2022_0482,TRUE,Good,Green,0.052,,,DTB,TRUE
TCB-05821,QUBR_2022_0483,TRUE,Good,Green/Brown,0.087,,,DTB,TRUE
TCB-05822,QUBR_2022_0484,TRUE,1 Good; 1 Necrotic,Green,0.058,,,DTB,TRUE
TCB-05823,QUBR_2022_0485,TRUE,Good,Green,0.069,,,DTB,TRUE
TCB-05824,QUBR_2022_0486,TRUE,Good,Green,0.089,,,DTB,TRUE
TCB-05825,QUBR_2022_0487,TRUE,Good,Green,0.069,,,DTB,TRUE
TCB-05826,QUBR_2022_0488,TRUE,Good,Green,0.121,"2 oak leaves and 1 other leaf (very small, smooth margins, oblong)",,DTB,TRUE
TCB-05827,QUBR_2022_0452,TRUE,Good,Green,0.092,,,DTB,TRUE
TCB-05828,QUBR_2022_0456,TRUE,Good,Green,0.117,,,DTB,TRUE
TCB-05829,QUBR_2022_0457,TRUE,Good,Green,0.058,,,DTB,TRUE
TCB-05830,QUBR_2022_0458,TRUE,Good,Green,0.115,,,DTB,TRUE
TCB-05831,QUBR_2022_0489,TRUE,Necrotic?,Green,0.048,,,DTB,TRUE
TCB-05832,QUBR_2022_0490,TRUE,Good,Green,0.157,,,DTB,TRUE
TCB-05833,QUBR_2022_0491,TRUE,Good?,Green,0.064,,,DTB,TRUE
TCB-05834,QUBR_2022_0492,TRUE,Good,Green,0.140,,,DTB,TRUE
TCB-05835,QUBR_2022_0493,TRUE,Good,Green,0.150,,,DTB,TRUE
TCB-05836,QUBR_2022_0494,TRUE,Good,Green,0.043,,,DTB,TRUE
TCB-05837,QUBR_2022_0495,TRUE,Good,Green,0.090,,,DTB,TRUE
TCB-05838,QUBR_2022_0496,TRUE,Good,Green,0.044,,,DTB,TRUE
TCB-05839,QUBR_2022_0497,TRUE,Good,Green,0.060,,,DTB,TRUE
TCB-05840,QUBR_2022_0498,TRUE,Good,Green,0.060,,,DTB,TRUE
TCB-05841,QUBR_2022_0500,TRUE,Good,Green,0.108,,,DTB,TRUE
TCB-05842,QUBR_2022_0501,TRUE,Good,Green/Brown,0.046,,,DTB,TRUE
TCB-05843,QUBR_2022_0502,TRUE,Good,Green,0.164,,,DTB,TRUE
TCB-05844,QUBR_2022_0503,TRUE,Good,Green,0.031,,,DTB,TRUE
TCB-05845,QUBR_2022_0504,TRUE,Good,Green,0.054,,,DTB,TRUE
TCB-05846,QUBR_2022_0505,TRUE,Good,Green,0.110,,,DTB,TRUE
TCB-05847,QUBR_2022_0507,TRUE,Good,Green,0.063,,,DTB,TRUE
TCB-05848,QUBR_2022_0508,TRUE,Good,Green,0.051,,,DTB,TRUE
TCB-05849,QUBR_2022_0509,TRUE,Good,Green,0.094,,,DTB,TRUE
TCB-05850,QUBR_2022_0510,TRUE,Good?,Green,0.084,,,DTB,TRUE
TCB-05851,QUBR_2022_0511,TRUE,Good,Green,0.098,,,DTB,TRUE
TCB-05852,QUBR_2022_0512,TRUE,Good,Green,0.105,,,DTB,TRUE
TCB-05853,QUBR_2022_0514,TRUE,Good?,Green,0.038,,,DTB,TRUE
TCB-05854,QUBR_2022_0515,TRUE,Good,Green,0.100,,,DTB,TRUE
TCB-05855,QUBR_2022_0517,TRUE,Good,Green,0.085,,,DTB,TRUE
TCB-05856,QUBR_2022_0518,TRUE,Good?,Green,0.127,,,DTB,TRUE
TCB-05857,QUBR_2022_0519,TRUE,Good,Green,0.039,,,DTB,TRUE
TCB-05858,QUBR_2022_0536,TRUE,Good,Green,0.040,,,DTB,TRUE
TCB-05859,QUBR_2022_0537,TRUE,Good,Green,0.109,,,DTB,TRUE
TCB-05860,QUBR_2022_0538,TRUE,Good,Green/Brown,0.064,,,DTB,TRUE
TCB-05861,QUBR_2022_0542,TRUE,Good,Green,0.056,,,DTB,TRUE
TCB-05862,QUBR_2022_0543,TRUE,Good?,Green,0.045,,,DTB,TRUE
TCB-05863,QUBR_2022_0545,TRUE,Good,Green,0.073,,,DTB,TRUE
TCB-05864,QUBR_2022_0547,TRUE,Good,Green,0.054,,,DTB,TRUE
TCB-05865,QUBR_2022_0549,TRUE,Good,Green,0.066,,,DTB,TRUE
TCB-05866,QUBR_2022_0550,TRUE,Good,Green,0.060,,,DTB,TRUE
TCB-05867,QUBR_2022_0574,TRUE,1 Good; 3 Moldy,Green,0.177,3/4 with white spots,,DTB,TRUE
TCB-05868,QUBR_2022_0571,TRUE,Good,Green,0.085,,,DTB,TRUE
TCB-05869,QUBR_2022_0612,TRUE,Good,Green,0.058,,,DTB,TRUE
TCB-05870,QUBR_2022_0614,TRUE,Moldy,Green,0.069,white mold spores,,DTB,TRUE
TCB-05871,QUBR_2022_0611,TRUE,Good,Green,0.162,,,DTB,TRUE
TCB-05872,QUBR_2022_0609,TRUE,1 Good; 1 Moldy,Green,0.093,,,DTB,TRUE
TCB-05873,QUBR_2022_0608,TRUE,Moldy?,Green,0.203,,,DTB,TRUE
TCB-05874,QUBR_2022_0607,TRUE,Good,Green,0.059,,,DTB,TRUE
TCB-05875,QUBR_2022_0605,TRUE,Good,Green,0.121,,,DTB,TRUE
TCB-05876,QUBR_2022_0604,TRUE,Good,Green,0.048,,,DTB,TRUE
TCB-05877,QUBR_2022_0603,TRUE,Good,Green,0.035,,,DTB,TRUE
TCB-05878,QUBR_2022_0601,TRUE,Good,Green,0.039,,,DTB,TRUE
TCB-05879,QUBR_2022_0562,TRUE,Good,Green,0.044,,,DTB,TRUE
TCB-05880,QUBR_2022_0589,TRUE,Good,Green,0.035,,,DTB,TRUE
TCB-05881,QUBR_2022_0551,TRUE,Good,Green,0.119,,,DTB,TRUE
TCB-05882,QUBR_2022_0552,TRUE,Good,Green/Brown,0.032,,,DTB,TRUE
TCB-05883,QUBR_2022_0556,TRUE,Good,Green,0.029,,,DTB,TRUE
TCB-05884,QUBR_2022_0582,TRUE,Good,Green,0.039,,,DTB,TRUE
TCB-05885,QUBR_2022_0561,TRUE,Good,Green,0.060,,,DTB,TRUE
TCB-05886,QUBR_2022_0553,TRUE,Good,Green,0.073,,,DTB,TRUE
TCB-05887,QUBR_2022_0554,TRUE,Good,Green,0.103,,,DTB,TRUE
TCB-05888,QUBR_2022_0576,TRUE,Good,Green,0.070,,,DTB,TRUE
TCB-05889,QUBR_2022_0579,TRUE,Good,Green,0.029,,,DTB,TRUE
TCB-05890,QUBR_2022_0591,TRUE,Good?,Green/Black,0.155,,,DTB,TRUE
TCB-05891,QUBR_2022_0593,TRUE,Good,Green,0.024,,,DTB,TRUE
TCB-05892,QUBR_2022_0594,TRUE,Good,Green,0.064,,,DTB,TRUE
TCB-05893,QUBR_2022_0596,TRUE,1 Good; 1 Moldy,Green,0.093,1/2 with white mold spores,,DTB,TRUE
TCB-05894,QUBR_2022_0597,TRUE,Good,Green,0.023,,,DTB,TRUE
TCB-05895,QUBR_2022_0598,TRUE,Good,Green,0.066,,,DTB,TRUE
TCB-05896,QUBR_2022_0599,TRUE,Good,Green,0.143,,,DTB,TRUE
TCB-05897,QUBR_2022_0610,TRUE,Good,Green/Brown,0.024,,,DTB,TRUE
TCB-05898,QUBR_2022_0613,TRUE,Necrotic?,Green,0.051,,,DTB,TRUE
TCB-05899,QUBR_2022_0616,TRUE,Good,Green,0.096,,,DTB,TRUE
TCB-05900,QUBR_2022_0615,TRUE,Good,Green,0.125,,,DTB,TRUE
TCB-05901,QUBR_2022_0546,TRUE,Good,Green,0.036,,,DTB,TRUE
TCB-05902,QUBR_2022_0569,TRUE,Good,Green,0.029,,,DTB,TRUE
TCB-05903,QUBR_2022_0572,TRUE,Good,Green,0.028,,,DTB,TRUE
TCB-05904,QUBR_2022_0573,TRUE,Good,Green,0.110,,,DTB,TRUE
TCB-05905,QUBR_2022_0588,TRUE,Good,Green,0.060,,,DTB,TRUE
TCB-05906,QUBR_2022_0555,TRUE,Good,Green,0.051,,,DTB,TRUE
TCB-05907,QUBR_2022_0558,TRUE,Good,Green,0.110,,,DTB,TRUE
TCB-05908,QUBR_2022_0583,TRUE,Necrotic?,Green,0.072,rolled leaf margin,,DTB,TRUE
TCB-05909,QUBR_2022_0584,TRUE,Good,Green,0.108,brown splotches,,DTB,TRUE
TCB-05910,QUBR_2022_0559,TRUE,Good,Green,0.063,,,DTB,TRUE
TCB-05911,QUBR_2022_0560,TRUE,Good,Green/Brown,0.030,,,DTB,TRUE
TCB-05912,QUBR_2022_0566,TRUE,Good,Green,0.080,,,DTB,TRUE
TCB-05913,QUBR_2022_0567,TRUE,Good,Green,0.038,,,DTB,TRUE
TCB-05914,QUBR_2022_0568,TRUE,Necrotic?,Green,0.105,1/2 with rolled margins,,DTB,TRUE
TCB-05915,QUBR_2022_0580,TRUE,Good,Green,0.142,,,DTB,TRUE
TCB-05916,QUBR_2022_0581,TRUE,Good,Green,0.058,,,DTB,TRUE
TCB-05917,QUBR_2022_0585,TRUE,Good,Green,0.097,,,DTB,TRUE
TCB-05918,QUBR_2022_0587,TRUE,Necrotic?,Green,0.067,3/3 with rolled margins,,DTB,TRUE
TCB-05919,QUBR_2022_0590,TRUE,Good,Green,0.030,,,DTB,TRUE
TCB-05920,QUBR_2022_0592,TRUE,Necrotic?,Green,0.030,,,DTB,TRUE
TCB-05921,QUBR_2022_0595,TRUE,Good,Green,0.036,,,DTB,TRUE
TCB-05922,QUBR_2022_0617,TRUE,Good,Green,0.136,,,DTB,TRUE
TCB-05923,QUBR_2022_0619,TRUE,1 Good; 1 Necrotic,Green,0.064,,,DTB,TRUE
TCB-05924,QUBR_2022_0620,TRUE,Good,Green,0.009,,,DTB,TRUE
TCB-05925,QUBR_2022_0621,TRUE,Good,Green/Brown,0.045,,,DTB,TRUE
TCB-05926,QUBR_2022_0623,TRUE,Good,Green,0.022,,,DTB,TRUE
TCB-05927,QUBR_2022_0624,TRUE,Good?,Green,0.038,,,DTB,TRUE
TCB-05928,QUBR_2022_0625,TRUE,Good,Green,0.025,,,DTB,TRUE
TCB-05929,QUBR_2022_0626,TRUE,Good,Green,0.035,,,DTB,TRUE
TCB-05930,QUBR_2022_0627,TRUE,Necrotic?,Green,0.024,rolled margins,,DTB,TRUE
TCB-05931,QUBR_2022_0628,TRUE,Good,Green/Brown,0.042,,,DTB,TRUE
TCB-05932,QUBR_2022_0629,TRUE,Good,Green,0.088,,,DTB,TRUE
TCB-05933,QUBR_2022_0630,TRUE,Good,Green,0.039,,,DTB,TRUE
TCB-05934,QUBR_2022_0631,TRUE,Good,Green,0.027,,,DTB,TRUE
TCB-05935,QUBR_2022_0632,TRUE,Good,Green,0.053,,,DTB,TRUE
TCB-05936,QUBR_2022_0633,TRUE,1 Good; 1 Necrotic?,Green/Black,0.046,,,DTB,TRUE
TCB-05937,QUBR_2022_0635,TRUE,Good,Green,0.018,,,DTB,TRUE
TCB-05938,QUBR_2022_0637,TRUE,Good,Green,0.026,,,DTB,TRUE
TCB-05939,QUBR_2022_0638,TRUE,Good,Green,0.055,,,DTB,TRUE
TCB-05940,QUBR_2022_0639,TRUE,Good,Green,0.012,,,DTB,TRUE
TCB-05941,QUBR_2022_0640,TRUE,Good,Green,0.036,,,DTB,TRUE
TCB-05942,QUBR_2022_0641,TRUE,Good,Green,0.043,,,DTB,TRUE
TCB-05943,QUBR_2022_0642,TRUE,Good,Green,0.029,,,DTB,TRUE
TCB-05944,QUBR_2022_0643,TRUE,Good,Green,0.035,,,DTB,TRUE
TCB-05945,QUBR_2022_0644,TRUE,Good,Green,0.042,,,DTB,TRUE
TCB-05946,QUBR_2022_0646,TRUE,Good,Green,0.037,,,DTB,TRUE
TCB-05947,QUBR_2022_0648,TRUE,Good,Green,0.029,,,DTB,TRUE
TCB-05948,QUBR_2022_0649,TRUE,Good?,Green,0.010,,,DTB,TRUE
TCB-05949,QUBR_2022_0651,TRUE,Good,Green,0.017,,,DTB,TRUE
TCB-05950,QUBR_2022_0653,TRUE,Good,Green,0.044,,,DTB,TRUE
TCB-05951,QUBR_2022_0654,TRUE,Good,Green/Brown,0.030,,,DTB,TRUE
TCB-05952,QUBR_2022_0657,TRUE,Good,Green,0.008,,,DTB,TRUE
TCB-05953,QUBR_2022_0655,TRUE,Good,Green,0.075,,,DTB,TRUE
TCB-05954,QUBR_2022_0656,TRUE,Good,Green,0.042,,,DTB,TRUE
TCB-05955,QUBR_2022_0658,TRUE,Good,Green,0.010,,,DTB,TRUE
TCB-05956,QUBR_2022_0661,TRUE,Good,Green,0.012,,,DTB,TRUE
TCB-05957,QUBR_2022_0662,TRUE,Good,Green,0.021,,,DTB,TRUE
TCB-05958,QUBR_2022_0663,TRUE,Good,Green,0.017,,,DTB,TRUE
TCB-05959,QUBR_2022_0664,TRUE,Good,Green,0.072,,,DTB,TRUE
TCB-05960,QUBR_2022_0665,TRUE,Good,Green,0.034,,,DTB,TRUE
TCB-05961,QUBR_2022_0666,TRUE,Good,Green,0.110,,,DTB,TRUE
TCB-05962,QUBR_2022_0667,TRUE,Good,Green,0.033,,,DTB,TRUE
TCB-05963,QUBR_2022_0668,TRUE,Good,Green,0.020,,,DTB,TRUE
TCB-05964,QUBR_2022_0684,TRUE,Good,Green,0.082,,,DTB,TRUE
TCB-05965,QUBR_2022_0685,TRUE,Good,Green,0.034,,,DTB,TRUE
TCB-05966,QUBR_2022_0686,TRUE,Good,Green,0.059,,,DTB,TRUE
TCB-05967,QUBR_2022_0687,TRUE,Good,Green,0.071,,,DTB,TRUE
TCB-05968,QUBR_2022_0659,TRUE,Good,Green,0.023,,,DTB,TRUE
TCB-05969,QUBR_2022_0660,TRUE,Good,Green,0.037,,,DTB,TRUE
TCB-05970,QUBR_2022_0669,TRUE,Good,Green,0.050,,,DTB,TRUE
TCB-05971,QUBR_2022_0670,TRUE,Good,Green,0.010,,,DTB,TRUE
TCB-05972,QUBR_2022_0671,TRUE,Good,Green,0.030,,,DTB,TRUE
TCB-05973,QUBR_2022_0672,TRUE,Good,Green,0.012,,,DTB,TRUE
TCB-05974,QUBR_2022_0673,TRUE,Good,Green,0.040,,,DTB,TRUE
TCB-05975,QUBR_2022_0674,TRUE,Good,Green,0.057,,,DTB,TRUE
TCB-05976,QUBR_2022_0675,TRUE,Good,Green/Brown,0.032,,,DTB,TRUE
TCB-05977,QUBR_2022_0676,TRUE,Good,Green,0.013,,,DTB,TRUE
TCB-05978,QUBR_2022_0678,TRUE,Good,Green,0.047,,,DTB,TRUE
TCB-05979,QUBR_2022_0679,TRUE,Good,Green,0.039,,,DTB,TRUE
TCB-05980,QUBR_2022_0681,TRUE,Good,Green,0.074,,,DTB,TRUE
TCB-05981,QUBR_2022_0682,TRUE,Good?,Green,0.062,,,DTB,TRUE
TCB-05982,QUBR_2022_0683,TRUE,Good,Green,0.044,,,DTB,TRUE
TCB-05983,QUBR_2022_0688,TRUE,Good,Green,0.065,,,DTB,TRUE
TCB-05984,QUBR_2022_0689,TRUE,Good,Green,0.086,,,DTB,TRUE
TCB-05985,QUBR_2022_0691,TRUE,Good,Green,0.019,,,DTB,TRUE
TCB-05986,QUBR_2022_0693,TRUE,Good,Green,0.037,,,DTB,TRUE
TCB-05987,QUBR_2022_0694,TRUE,Necrotic?,Green,0.022,,,DTB,TRUE
TCB-05988,QUBR_2022_0695,TRUE,Good,Green,0.069,,,DTB,TRUE
TCB-05989,QUBR_2022_0696,TRUE,Good,Green,0.029,,,DTB,TRUE
TCB-05990,QUBR_2022_0697,TRUE,Good,Green,0.055,,,DTB,TRUE
TCB-05991,QUBR_2022_0698,TRUE,Good,Green/Brown,0.070,,,DTB,TRUE
TCB-05992,QUBR_2022_0699,TRUE,Necrotic?,Green/Brown,0.161,,,DTB,TRUE
TCB-05993,QUBR_2022_0700,TRUE,Good,Green,0.022,,,DTB,TRUE
TCB-05994,QUBR_2022_0701,TRUE,Good,Green,0.102,,,DTB,TRUE
TCB-05995,QUBR_2022_0703,TRUE,Good,Green,0.012,,,DTB,TRUE
TCB-05996,QUBR_2022_0704,TRUE,Good,Green,0.031,,,DTB,TRUE
TCB-05997,QUBR_2022_0705,TRUE,Good,Green,0.060,,,DTB,TRUE
TCB-05998,QUBR_2022_0706,TRUE,1 Good; 1 Necrotic,Green,0.034,"1/2 with rolled edges, necrosis",,DTB,TRUE
TCB-05999,QUBR_2022_0709,TRUE,Good,Green,0.016,,,DTB,TRUE
TCB-06000,QUBR_2022_0710,TRUE,Good,Green,0.015,,,DTB,TRUE
TCB-06001,QUBR_2022_0711,TRUE,Good,Green,0.050,,,DTB,TRUE
TCB-06002,QUBR_2022_0714,TRUE,Good,Green,0.059,,,DTB,TRUE
TCB-06003,QUBR_2022_0715,TRUE,Good,Green,0.126,,,DTB,TRUE
TCB-06004,QUBR_2022_0717,TRUE,Good,Green,0.019,,,DTB,TRUE
TCB-06005,QUBR_2022_0718,TRUE,Good,Green,0.020,,,DTB,TRUE
TCB-06006,QUBR_2022_0721,TRUE,Good,Green/Brown,0.018,,,DTB,TRUE
TCB-06007,QUBR_2022_0722,TRUE,Good,Green,0.011,,,DTB,TRUE
TCB-06008,QUBR_2022_0723,TRUE,Good,Green/Brown,0.041,,,DTB,TRUE
TCB-06009,QUBR_2022_0724,TRUE,Good,Green,0.016,,,DTB,TRUE
TCB-06010,QUBR_2022_0726,TRUE,Good,Green,0.033,,,DTB,TRUE
TCB-06011,QUBR_2022_0727,TRUE,Good,Green,0.019,,,DTB,TRUE
TCB-06012,QUBR_2022_0728,TRUE,Good,Green,0.014,,,DTB,TRUE
TCB-06013,QUBR_2022_0730,TRUE,Good?,Green,0.055,white splotches,,DTB,TRUE
TCB-06014,QUBR_2022_0731,TRUE,Moldy?,Green/Brown,0.031,black and white fuzzy spots,,DTB,TRUE
TCB-06015,QUBR_2022_0732,TRUE,Good,Green/Brown,0.080,small brown spots,,DTB,TRUE
TCB-06016,QUBR_2022_0733,TRUE,Good,Green,0.073,,,DTB,TRUE
TCB-06017,QUBR_2022_0734,TRUE,Good,Green,0.077,,,DTB,TRUE
TCB-06018,QUBR_2022_0735,TRUE,Good,Green,0.123,,,DTB,TRUE
TCB-06019,QUBR_2022_0738,TRUE,Good,Green,0.027,a few small holes in leaf tissue,,DTB,TRUE
TCB-06020,QUBR_2022_0739,TRUE,Good,Green,0.059,,,DTB,TRUE
TCB-06021,QUBR_2022_0740,TRUE,Good?,Green/Brown,0.038,brown patches covering leaf tissue,,DTB,TRUE
TCB-06022,QUBR_2022_0745,TRUE,Good,Green,0.040,,,DTB,TRUE
TCB-06023,QUBR_2022_0747,TRUE,Good,Green,0.057,,,DTB,TRUE
TCB-06024,QUBR_2022_0748,TRUE,Good,Green,0.021,,,DTB,TRUE
TCB-06025,QUBR_2022_0750,TRUE,Good,Green,0.078,,,DTB,TRUE
TCB-06026,QUBR_2022_0751,TRUE,Good,Green,0.043,,,DTB,TRUE
TCB-06027,QUBR_2022_0752,TRUE,Good,Green,0.112,,,DTB,TRUE
TCB-06028,QUBR_2022_0753,TRUE,1 Good/1 Necrotic?,Green/Black,0.069,necrotic leaf is dark green/black with several white patches,,DTB,TRUE
TCB-06029,QUBR_2022_0754,TRUE,Good,Green,0.039,,,DTB,TRUE
TCB-06030,QUBR_2022_0756,TRUE,Good,Green,0.062,,,DTB,TRUE
TCB-06031,QUBR_2022_0757,TRUE,Good,Green,0.076,,,DTB,TRUE
TCB-06032,QUBR_2022_0758,TRUE,Good,Green,0.096,,,DTB,TRUE
TCB-06033,QUBR_2022_0759,TRUE,Necrotic?,Green/Black,0.042,dark green tissue with faded black eedges and brown spots,,DTB,TRUE
TCB-06034,QUBR_2022_0761,TRUE,Good,Green,0.049,,,DTB,TRUE
TCB-06035,QUBR_2022_0762,TRUE,Good,Green,0.057,,,DTB,TRUE
TCB-06036,QUBR_2022_0763,TRUE,Good,Green,0.125,,,DTB,TRUE
TCB-06037,QUBR_2022_0765,TRUE,Good,Green,0.067,,,DTB,TRUE
TCB-06038,QUBR_2022_0766,TRUE,Good,Green,0.065,,,DTB,TRUE
TCB-06039,QUBR_2022_0767,TRUE,Good,Green,0.097,,,DTB,TRUE
TCB-06040,QUBR_2022_0769,TRUE,Good,Green,0.052,,,DTB,TRUE
TCB-06041,QUBR_2022_0770,TRUE,Good,Green,0.034,,,DTB,TRUE
TCB-06042,QUBR_2022_0771,TRUE,Good?,Green/Brown,0.045,,,DTB,TRUE
TCB-06043,QUBR_2022_0772,TRUE,Good,Green/Brown,0.075,,,DTB,TRUE
TCB-06044,QUBR_2022_0774,TRUE,Good,Green,0.028,,,DTB,TRUE
TCB-06045,QUBR_2022_0775,TRUE,Good,Green,0.076,,,DTB,TRUE
TCB-06046,QUBR_2022_0776,TRUE,Good?,Green,0.061,,,DTB,TRUE
TCB-06047,QUBR_2022_0777,TRUE,Good,Green,0.086,,,DTB,TRUE
TCB-06048,QUBR_2022_0778,TRUE,Good,Green,0.052,,,DTB,TRUE
TCB-06049,QUBR_2022_0779,TRUE,Good,Green,0.009,,,DTB,TRUE
TCB-06050,QUBR_2022_0780,TRUE,Good,Green,0.023,,,DTB,TRUE
TCB-06051,QUBR_2022_0782,TRUE,Good,Green,0.022,,,DTB,TRUE
TCB-06052,QUBR_2022_0953,TRUE,Good,Green,0.124,,,DTB,TRUE
TCB-06053,QUBR_2022_0954,TRUE,Good,Green,0.070,,,DTB,TRUE
TCB-06054,QUBR_2022_0955,TRUE,Good,Green,0.028,,,DTB,TRUE
TCB-06055,QUBR_2022_0956,TRUE,Good,Green,0.120,,,DTB,TRUE
TCB-06056,QUBR_2022_0957,TRUE,Good,Green,0.024,,,DTB,TRUE
TCB-06057,QUBR_2022_0958,TRUE,Good,Green,0.110,,,DTB,TRUE
TCB-06058,QUBR_2022_0959,TRUE,1 Good; 1 Necrotic?,Green,0.120,1/2 darker green color,,DTB,TRUE
TCB-06059,QUBR_2022_0962,TRUE,Good,Green,0.033,,,DTB,TRUE
TCB-06060,QUBR_2022_0963,TRUE,Good,Green,0.132,,,DTB,TRUE
TCB-06061,QUBR_2022_0964,TRUE,Good,Green,0.114,,,DTB,TRUE
TCB-06062,QUBR_2022_0965,TRUE,Good,Green,0.074,,,DTB,TRUE
TCB-06063,QUBR_2022_0966,TRUE,Good,Green,0.073,,,DTB,TRUE
TCB-06064,QUBR_2022_0967,TRUE,Good,Green,0.086,,,DTB,TRUE
TCB-06065,QUBR_2022_0968,TRUE,Good,Green,0.027,,,DTB,TRUE
TCB-06066,QUBR_2022_0969,TRUE,Good,Green,0.109,,,DTB,TRUE
TCB-06067,QUBR_2022_0972,TRUE,Good,Green,0.119,,,DTB,TRUE
TCB-06068,QUBR_2022_0973,TRUE,Good,Green,0.049,,,DTB,TRUE
TCB-06069,QUBR_2022_0974,TRUE,Good,Green,0.034,,,DTB,TRUE
TCB-06070,QUBR_2022_0975,TRUE,Good,Green,0.029,,,DTB,TRUE
TCB-06071,QUBR_2022_0976,TRUE,1 Good; 1 Moldy?,Green,0.112,,,DTB,TRUE
TCB-06072,QUBR_2022_0977,TRUE,Good,Green,0.081,,,DTB,TRUE
TCB-06073,QUBR_2022_0978,TRUE,Moldy?,Green,0.055,white spots,,DTB,TRUE
TCB-06074,QUBR_2022_0979,TRUE,Good,Green,0.306,,,DTB,TRUE
TCB-06075,QUBR_2022_0980,TRUE,Moldy?,Green,0.041,white/brown spots,,DTB,TRUE
TCB-06076,QUBR_2022_0981,TRUE,Good,Green,0.045,,,DTB,TRUE
TCB-06077,QUBR_2022_0982,TRUE,Good,Green,0.080,,,DTB,TRUE
TCB-06078,QUBR_2022_0984,TRUE,Good,Green,0.055,,,DTB,TRUE
TCB-06079,QUBR_2022_0985,TRUE,Good,Green,0.043,,,DTB,TRUE
TCB-06080,QUBR_2022_0986,TRUE,Good?,Green,0.078,white splotches,,DTB,TRUE
TCB-06081,QUBR_2022_0987,TRUE,Good,Green,0.021,,,DTB,TRUE
TCB-06082,QUBR_2022_0989,TRUE,Good,Green,0.056,,,DTB,TRUE
TCB-06083,QUBR_2022_0990,TRUE,Good,Green,0.098,,,DTB,TRUE
TCB-06084,QUBR_2022_0992,TRUE,Good,Green,0.025,,,DTB,TRUE
TCB-06085,QUBR_2022_0993,TRUE,Good,Green,0.084,,,DTB,TRUE
TCB-06086,QUBR_2022_0994,TRUE,Good?,Green,0.099,white splotches,,DTB,TRUE
TCB-06087,QUBR_2022_0995,TRUE,Good,Green,0.116,,,DTB,TRUE
TCB-06088,QUBR_2022_0996,TRUE,Good,Green,0.071,some white splotches,,DTB,TRUE
TCB-06089,QUBR_2022_0998,TRUE,Good?,Green,0.056,white splotches with some brown tissue at bottom of leaf,,DTB,TRUE
TCB-06090,QUBR_2022_0999,TRUE,Good,Green,0.185,,,DTB,TRUE
TCB-06091,QUBR_2022_1010,TRUE,Good,Green,0.115,,,DTB,TRUE
TCB-06092,QUBR_2022_1011,TRUE,1 Good; 1 Necrotic,Green/Brown,0.058,1 leaf undergoing necrosis,,DTB,TRUE
TCB-06093,QUBR_2022_1012,TRUE,Necrotic,Green/Brown,0.040,leaf tissue is beginning necrosis- brown edges,,DTB,TRUE
TCB-06094,QUBR_2022_1013,TRUE,Good,Green,0.116,,,DTB,TRUE
TCB-06095,QUBR_2022_1014,TRUE,Good,Green,0.039,,,DTB,TRUE
TCB-06096,QUBR_2022_1015,TRUE,Good,Green,0.164,,,DTB,TRUE
TCB-06097,QUBR_2022_1017,TRUE,Good?,Green,0.050,white splotches,,DTB,TRUE
TCB-06098,QUBR_2022_1018,TRUE,Good?,Green/Brown,0.053,tips of leaves are brown; white splotches,,DTB,TRUE
TCB-06099,QUBR_2022_1019,TRUE,Good,Green,0.079,,,DTB,TRUE
TCB-06100,QUBR_2022_1020,TRUE,Good,Green,0.038,,,DTB,TRUE
TCB-06101,QUBR_2022_1021,TRUE,Good,Green,0.029,,,DTB,TRUE
TCB-06102,QUBR_2022_1022,TRUE,Good,Green,0.046,,,DTB,TRUE
TCB-06103,QUBR_2022_1023,TRUE,Good?,Green,0.106,white and brown patches,,DTB,TRUE
TCB-06104,QUBR_2022_1024,TRUE,Good?,Green,0.088,scattered white patches,,DTB,TRUE
TCB-06105,QUBR_2022_1025,TRUE,Good,Green,0.135,,,DTB,TRUE
TCB-06106,QUBR_2022_1026,TRUE,Good,Green,0.032,,,DTB,TRUE
TCB-06107,QUBR_2022_1027,TRUE,Good?,Green,0.154,white splotches,,DTB,TRUE
TCB-06108,QUBR_2022_1028,TRUE,Good,Green,0.139,,,DTB,TRUE
TCB-06109,QUBR_2022_1029,TRUE,Good?,Green,0.012,small brown spots,,DTB,TRUE
TCB-06110,QUBR_2022_1030,TRUE,Necrotic,Green/Brown,0.013,beginning necrosis on edges,,DTB,TRUE
TCB-06111,QUBR_2022_1031,TRUE,Good?,Green/Brown,0.019,some brown tips on leaf tissue,,DTB,TRUE
TCB-06112,QUBR_2022_1032,TRUE,Good,Green/Brown,0.038,,,DTB,TRUE
TCB-06113,QUBR_2022_1050,TRUE,Good?,Green,0.013,white spots,,DTB,TRUE
TCB-06114,QUBR_2022_1053,TRUE,Good?,Green,0.061,white splotches and black spots,,DTB,TRUE
TCB-06115,QUBR_2022_1055,TRUE,Necrotic?,Green/Brown,0.073,leaf tissue fading from green to brown,,DTB,TRUE
TCB-06116,QUBR_2022_1056,TRUE,Good,Green,0.137,,,DTB,TRUE
TCB-06117,QUBR_2022_1057,TRUE,Good,Green,0.039,,,DTB,TRUE
TCB-06118,QUBR_2022_1058,TRUE,Good,Green,0.068,,,DTB,TRUE
TCB-06119,QUBR_2022_1063,TRUE,Good?,Green,0.061,lots of white spots,,DTB,TRUE
TCB-06120,QUBR_2022_1069,TRUE,Good,Green,0.036,,,DTB,TRUE
TCB-06121,QUBR_2022_1071,TRUE,Good,Green,0.118,large brown/gray patch,,DTB,TRUE
TCB-06122,QUBR_2022_1072,TRUE,Good,Green,0.073,,,DTB,TRUE
TCB-06123,QUBR_2022_1073,TRUE,Good,Green,0.074,,,DTB,TRUE
TCB-06124,QUBR_2022_1074,TRUE,Good,Green,0.037,,,DTB,TRUE
TCB-06125,QUBR_2022_1076,TRUE,Good,Green,0.055,,,DTB,TRUE
TCB-06126,QUBR_2022_1095,TRUE,Good,Green,0.078,,,DTB,TRUE
TCB-06127,QUBR_2022_1096,TRUE,Good,Green,0.047,,,DTB,TRUE
TCB-06128,QUBR_2022_1099,TRUE,Good,Green,0.031,,,DTB,TRUE
TCB-06129,QUBR_2022_1100,TRUE,Good,Green,0.049,,,DTB,TRUE
TCB-06130,QUBR_2022_1109,TRUE,Good,Green,0.037,,,DTB,TRUE
TCB-06131,QUBR_2022_1094,TRUE,Good,Green,0.112,,,DTB,TRUE
TCB-06132,QUBR_2022_1093,TRUE,Good,Green,0.035,,,DTB,TRUE
TCB-06133,QUBR_2022_0900,TRUE,Good,Green,0.024,,,DTB,TRUE
TCB-06134,QUBR_2022_0901,TRUE,Good?,Green,0.074,dark color on margins,,DTB,TRUE
TCB-06135,QUBR_2022_0902,TRUE,Good,Green,0.053,,,DTB,TRUE
TCB-06136,QUBR_2022_0903,TRUE,Good,Green,0.158,,,DTB,TRUE
TCB-06137,QUBR_2022_0905,TRUE,Good,Green,0.144,,,DTB,TRUE
TCB-06138,QUBR_2022_0906,TRUE,Good,Green,0.092,,,DTB,TRUE
TCB-06139,QUBR_2022_0907,TRUE,Good,Green,0.083,,,DTB,TRUE
TCB-06140,QUBR_2022_0908,TRUE,Moldy?,Green,0.093,,,DTB,TRUE
TCB-06141,QUBR_2022_0910,TRUE,Good,Green,0.130,,,DTB,TRUE
TCB-06142,QUBR_2022_0911,TRUE,1 Good; 1 Necrotic?,Green,0.072,,,DTB,TRUE
TCB-06143,QUBR_2022_0912,TRUE,Good,Green,0.037,,,DTB,TRUE
TCB-06144,QUBR_2022_0913,TRUE,Good,Green,0.029,,,DTB,TRUE
TCB-06145,QUBR_2022_0914,TRUE,Good,Green,0.034,,,DTB,TRUE
TCB-06146,QUBR_2022_0915,TRUE,1 Good; 1 Necrotic?,Green,0.047,,,DTB,TRUE
TCB-06147,QUBR_2022_0917,TRUE,1 Good; 1 Moldy,Green,0.130,,,DTB,TRUE
TCB-06148,QUBR_2022_0918,TRUE,Good,Green,0.089,some insects on the back of 1/2 leaves,,DTB,TRUE
TCB-06149,QUBR_2022_0919,TRUE,Good,Green,0.028,dark green color,,DTB,TRUE
TCB-06150,QUBR_2022_0920,TRUE,Good,Green,0.047,,,DTB,TRUE
TCB-06151,QUBR_2022_0922,TRUE,Good,Green,0.039,,,DTB,TRUE
TCB-06152,QUBR_2022_0923,TRUE,Good,Green,0.084,,,DTB,TRUE
TCB-06153,QUBR_2022_0925,TRUE,Good,Green,0.144,,,DTB,TRUE
TCB-06154,QUBR_2022_0926,TRUE,Good,Green,0.087,,,DTB,TRUE
TCB-06155,QUBR_2022_0927,TRUE,Good,Green,0.097,,,DTB,TRUE
TCB-06156,QUBR_2022_0928,TRUE,Good,Green,0.130,,,DTB,TRUE
TCB-06157,QUBR_2022_0929,TRUE,Good,Green,0.152,,,DTB,TRUE
TCB-06158,QUBR_2022_0931,TRUE,Good,Green,0.030,,,DTB,TRUE
TCB-06159,QUBR_2022_0932,TRUE,Good,Green,0.156,,,DTB,TRUE
TCB-06160,QUBR_2022_0934,TRUE,Good,Green,0.113,,,DTB,TRUE
TCB-06161,QUBR_2022_0935,TRUE,Good,Green,0.090,,,DTB,TRUE
TCB-06162,QUBR_2022_0936,TRUE,Good,Green,0.020,,,DTB,TRUE
TCB-06163,QUBR_2022_0937,TRUE,Good,Green,0.013,,,DTB,TRUE
TCB-06164,QUBR_2022_0938,TRUE,Good,Green,0.059,,,DTB,TRUE
TCB-06165,QUBR_2022_0942,TRUE,Good,Green,0.055,,,DTB,TRUE
TCB-06166,QUBR_2022_0944,TRUE,Good,Green,0.062,,,DTB,TRUE
TCB-06167,QUBR_2022_0945,TRUE,Good,Green,0.146,,,DTB,TRUE
TCB-06168,QUBR_2022_0946,TRUE,Good,Green,0.064,,,DTB,TRUE
TCB-06169,QUBR_2022_0947,TRUE,Good,Green,0.109,,,DTB,TRUE
TCB-06170,QUBR_2022_0948,TRUE,Good,Green,0.067,,,DTB,TRUE
TCB-06171,QUBR_2022_0951,TRUE,Good,Green,0.158,,,DTB,TRUE
TCB-06172,QUBR_2022_0952,TRUE,1 Good; 1 Necrotic,Green,0.114,,,DTB,TRUE
TCB-06173,QUBR_2022_1000,TRUE,Good,Green,0.158,,,DTB,TRUE
TCB-06174,QUBR_2022_1001,TRUE,Good,Green,0.101,,,DTB,TRUE
TCB-06175,QUBR_2022_1002,TRUE,Good,Green,0.081,,,DTB,TRUE
TCB-06176,QUBR_2022_1009,TRUE,Good,Green,0.096,,,DTB,TRUE
TCB-06177,QUBR_2022_1106,TRUE,Good,Green,0.074,,,DTB,TRUE
TCB-06178,QUBR_2022_1007,TRUE,Good?,Green/Brown,0.041,white lines on back of leaf tissue,,DTB,TRUE
TCB-06179,QUBR_2022_1006,TRUE,Good,Green,0.045,,,DTB,TRUE
TCB-06180,QUBR_2022_1005,TRUE,Good,Green,0.154,,,DTB,TRUE
TCB-06181,QUBR_2022_1004,TRUE,Necrotic?,Green/Brown,0.048,starting necrosis on one half of the leaf,,DTB,TRUE
TCB-06182,QUBR_2022_1003,TRUE,Good,Green,0.114,,,DTB,TRUE
TCB-06183,QUBR_2022_1078,TRUE,Good,Green,0.119,,,DTB,TRUE
TCB-06184,QUBR_2022_1088,TRUE,Good?,Green,0.058,white splotches,,DTB,TRUE
TCB-06185,QUBR_2022_1089,TRUE,Good,Green,0.100,,,DTB,TRUE
TCB-06186,QUBR_2022_1090,TRUE,Good,Green,0.032,,,DTB,TRUE
TCB-06187,QUBR_2022_1091,TRUE,1 Good; 1 Necrotic,Green/Brown,0.184,"necrosis is beginning on smaller leaf, half the fissure is dark",,DTB,TRUE
TCB-06188,QUBR_2022_1092,TRUE,Good,Green,0.059,,,DTB,TRUE
TCB-06189,QUBR_2022_1087,TRUE,Good?,Green,0.102,small brown and white spots,,DTB,TRUE
TCB-06190,QUBR_2022_1081,TRUE,Good,Green,0.032,,,DTB,TRUE
TCB-06191,QUBR_2022_1082,TRUE,Good,Green,0.131,,,DTB,TRUE
TCB-06192,QUBR_2022_1086,TRUE,Good?,Green/Brown,0.087,darker tissue with spots,,DTB,TRUE
TCB-06193,QUBR_2022_1083,TRUE,1 Good; 1 Necrotic,Green/Brown,0.056,1 leaf is beginning necrosis,,DTB,TRUE
TCB-06194,QUBR_2022_1085,TRUE,Good,Green,0.051,,,DTB,TRUE
TCB-06195,QUBR_2022_1084,TRUE,Good,Green,0.176,,,DTB,TRUE
TCB-06196,QUBR_2022_1103,TRUE,Good,Green,0.080,,,DTB,TRUE
TCB-06197,QUBR_2022_1116,TRUE,Good,Green,0.131,white splotches,,DTB,TRUE
TCB-06198,QUBR_2022_1102,TRUE,Good,Green,0.090,,,DTB,TRUE
TCB-06199,QUBR_2022_1105,TRUE,Good,Green,0.066,,,DTB,TRUE
TCB-06200,QUBR_2022_1113,TRUE,Good?,Green,0.140,lots of small white dots,,DTB,TRUE
TCB-06201,QUBR_2022_1111,TRUE,Good?,Green,0.036,lots of tiny white spots,,DTB,TRUE
TCB-06202,QUBR_2022_1115,TRUE,Good,Green,0.171,,,DTB,TRUE
TCB-06203,QUBR_2022_1118,TRUE,Good,Green,0.091,one leaf with white splotches,,DTB,TRUE
TCB-06204,QUBR_2022_1119,TRUE,Good,Green,0.033,,,DTB,TRUE
TCB-06205,QUBR_2022_1120,TRUE,Good,Green,0.132,,,DTB,TRUE
TCB-06206,QUBR_2022_1122,TRUE,Good,Green,0.196,,,DTB,TRUE
TCB-06207,QUBR_2022_1121,TRUE,Good,Green,0.218,,,DTB,TRUE
TCB-06208,QUBR_2022_1123,TRUE,Good,Green,0.025,,,DTB,TRUE
TCB-06209,QUBR_2022_1077,TRUE,Good,Green,0.044,,,DTB,TRUE
TCB-06210,QUBR_2022_1034,TRUE,Good?,Green,0.088,yellow/brown spot on one leaf,,DTB,TRUE
TCB-06211,QUBR_2022_1036,TRUE,Good?,Green,0.173,white splotches and brown spot,,DTB,TRUE
TCB-06212,QUBR_2022_1110,TRUE,Good?,Green/Black,0.094,white splotches,,DTB,TRUE
TCB-06213,QUBR_2022_1039,TRUE,Good,Green,0.129,,,DTB,TRUE
TCB-06214,QUBR_2022_1040,TRUE,Good,Green,0.010,,,DTB,TRUE
TCB-06215,QUBR_2022_1041,TRUE,Good,Green,0.116,,,DTB,TRUE
TCB-06216,QUBR_2022_1042,TRUE,Good,Green,0.033,,,DTB,TRUE
TCB-06217,QUBR_2022_1043,TRUE,Good,Green,0.121,,,DTB,TRUE
TCB-06218,QUBR_2022_1044,TRUE,Good,Green,0.106,,,DTB,TRUE
TCB-06219,QUBR_2022_1045,TRUE,Good,Green,0.129,,,DTB,TRUE
TCB-06220,QUBR_2022_1047,TRUE,Good,Green,0.049,,,DTB,TRUE
TCB-06221,QUBR_2022_1048,TRUE,Good?,Green/Brown,0.036,dark black/brown spot in the middle of the tissue,,DTB,TRUE
TCB-06222,QUBR_2022_1049,TRUE,Good?,Green,0.100,scattered tiny white spots,,DTB,TRUE
TCB-06223,QUBR_2022_1101,TRUE,Good,Green,0.109,,,DTB,TRUE
TCB-06224,QUBR_2022_1104,TRUE,Good,Green,0.040,,,DTB,TRUE
TCB-06225,QUBR_2022_1107,TRUE,Good,Green,0.066,,,DTB,TRUE
TCB-06226,QUBR_2022_1108,TRUE,Good,Green,0.090,,,DTB,TRUE
TCB-06227,QUBR_2022_1108B,TRUE,Good?,Green/Brown,0.043,1/2 dark margins,,DTB,TRUE
TCB-06228,QUBR_2022_1112,TRUE,Good,Green,0.177,,,DTB,TRUE
TCB-06229,QUBR_2022_1117,TRUE,Good,Green,0.209,,,DTB,TRUE
TCB-06230,QUBR_2022_1051,TRUE,Good,Green,0.056,,,DTB,TRUE
TCB-06231,QUBR_2022_1052,TRUE,Good,Green,0.048,,,DTB,TRUE
TCB-06232,QUBR_2022_1054,TRUE,Good,Green,0.099,,,DTB,TRUE
TCB-06233,QUBR_2022_1059,TRUE,Good,Green,0.050,,,DTB,TRUE
TCB-06234,QUBR_2022_1060,TRUE,Good?,Green/Brown,0.112,1/2 white splotches; 1/2 brown spots,,DTB,TRUE
TCB-06235,QUBR_2022_1062,TRUE,Good,Green,0.037,,,DTB,TRUE
TCB-06236,QUBR_2022_1064,TRUE,Good,Green,0.100,,,DTB,TRUE
TCB-06237,QUBR_2022_1065,TRUE,Good,Green,0.136,,,DTB,TRUE
TCB-06238,QUBR_2022_1066,TRUE,Good,Green,0.208,,,DTB,TRUE
TCB-06239,QUBR_2022_1067,TRUE,Good,Green,0.111,,,DTB,TRUE
TCB-06240,QUBR_2022_1068,TRUE,Good,Green,0.071,,,DTB,TRUE
TCB-06241,QUBR_2022_1075,TRUE,Good,Green,0.143,,,DTB,TRUE
TCB-06242,QUBR_2022_1079,TRUE,Good,Green,0.147,,,DTB,TRUE
TCB-06243,QUBR_2022_1080,TRUE,Good,Green,0.074,,,DTB,TRUE
TCB-06244,QUBR_2022_1097,TRUE,Good,Green,0.040,,,DTB,TRUE
TCB-06245,QUBR_2022_1098,TRUE,Good,Green,0.078,,,DTB,TRUE
TCB-06246,QUBR_2022_1124,TRUE,Good,Green,0.096,,,DTB,TRUE
TCB-06247,QUBR_2022_1125,TRUE,Good,Green,0.030,,,DTB,TRUE
TCB-06248,QUBR_2022_1126,TRUE,Good,Green,0.096,,,DTB,TRUE
TCB-06249,QUBR_2022_1127,TRUE,Good,Green,0.098,white splotches,,DTB,TRUE
TCB-06250,QUBR_2022_0785,TRUE,Good,Green/Brown,0.037,,,DTB,TRUE
TCB-06251,QUBR_2022_0786,TRUE,Good,Green,0.067,,,DTB,TRUE
TCB-06252,QUBR_2022_0787,TRUE,Good,Green,0.094,,,DTB,TRUE
TCB-06253,QUBR_2022_0788,TRUE,Good,Green,0.070,,,DTB,TRUE
TCB-06254,QUBR_2022_0789,TRUE,Good,Green,0.041,,,DTB,TRUE
TCB-06255,QUBR_2022_0790,TRUE,Good,Green,0.022,,,DTB,TRUE
TCB-06256,QUBR_2022_0791,TRUE,Good?,Green,0.035,yellowish color,,DTB,TRUE
TCB-06257,QUBR_2022_0792,TRUE,Good,Green,0.070,,,DTB,TRUE
TCB-06258,QUBR_2022_0793,TRUE,Good,Green,0.034,,,DTB,TRUE
TCB-06259,QUBR_2022_0794,TRUE,Good,Green,0.033,,,DTB,TRUE
TCB-06260,QUBR_2022_0795,TRUE,Good,Green,0.060,,,DTB,TRUE
TCB-06261,QUBR_2022_0796,TRUE,Good,Green,0.028,,,DTB,TRUE
TCB-06262,QUBR_2022_0797,TRUE,Good,Green,0.024,,,DTB,TRUE
TCB-06263,QUBR_2022_0798,TRUE,Good,Green,0.058,,,DTB,TRUE
TCB-06264,QUBR_2022_0799,TRUE,Good,Green,0.015,,,DTB,TRUE
TCB-06265,QUBR_2022_0800,TRUE,Good,Green,0.041,,,DTB,TRUE
TCB-06266,QUBR_2022_0801,TRUE,Good,Green,0.045,,,DTB,TRUE
TCB-06267,QUBR_2022_0802,TRUE,Good,Green,0.031,,,DTB,TRUE
TCB-06268,QUBR_2022_0804,TRUE,Good,Green,0.054,,,DTB,TRUE
TCB-06269,QUBR_2022_0805,TRUE,Good,Green,0.043,,,DTB,TRUE
TCB-06270,QUBR_2022_0806,TRUE,Good,Green,0.079,1 brown spot,,DTB,TRUE
TCB-06271,QUBR_2022_0807,TRUE,Good,Green,0.056,,,DTB,TRUE
TCB-06272,QUBR_2022_0809,TRUE,Good,Green,0.049,,,DTB,TRUE
TCB-06273,QUBR_2022_0811,TRUE,Good?,Green/Brown,0.086,1/2 with many brown spots,,DTB,TRUE
TCB-06274,QUBR_2022_0812,TRUE,Good,Green,0.059,,,DTB,TRUE
TCB-06275,QUBR_2022_0814,TRUE,Good,Green,0.043,,,DTB,TRUE
TCB-06276,QUBR_2022_0815,TRUE,Good,Green,0.027,,,DTB,TRUE
TCB-06277,QUBR_2022_0816,TRUE,Good,Green/Brown,0.069,,,DTB,TRUE
TCB-06278,QUBR_2022_0817,TRUE,Good,Green,0.028,,,DTB,TRUE
TCB-06279,QUBR_2022_0818,TRUE,Good,Green,0.047,,,DTB,TRUE
TCB-06280,QUBR_2022_0819,TRUE,Good,Green,0.129,white splotches,,DTB,TRUE
TCB-06281,QUBR_2022_0821,TRUE,Good,Green,0.017,,,DTB,TRUE
TCB-06282,QUBR_2022_0822,TRUE,Good,Green,0.058,,,DTB,TRUE
TCB-06283,QUBR_2022_0823,TRUE,Good,Green,0.011,,,DTB,TRUE
TCB-06284,QUBR_2022_0824,TRUE,Good,Green,0.063,,,DTB,TRUE
TCB-06285,QUBR_2022_0825,TRUE,Good,Green,0.073,,,DTB,TRUE
TCB-06286,QUBR_2022_0826,TRUE,Good,Green,0.047,,,DTB,TRUE
TCB-06287,QUBR_2022_0827,TRUE,Good?,Green,0.110,,,DTB,TRUE
TCB-06288,QUBR_2022_0828,TRUE,Good,Green,0.044,,,DTB,TRUE
TCB-06289,QUBR_2022_0829,TRUE,Good,Green,0.065,,,DTB,TRUE
TCB-06290,QUBR_2022_0830,TRUE,Good,Green,0.040,,,DTB,TRUE
TCB-06291,QUBR_2022_0831,TRUE,Good,Green,0.032,,,DTB,TRUE
TCB-06292,QUBR_2022_0833,TRUE,Good,Green/Brown,0.024,,,DTB,TRUE
TCB-06293,QUBR_2022_0838,TRUE,Good,Green,0.041,,,DTB,TRUE
TCB-06294,QUBR_2022_0839,TRUE,Good,Green,0.028,,,DTB,TRUE
TCB-06295,QUBR_2022_0840,TRUE,Good,Green,0.116,,,DTB,TRUE
TCB-06296,QUBR_2022_0841,TRUE,Good,Green,0.085,,,DTB,TRUE
TCB-06297,QUBR_2022_0842,TRUE,Good?,Green,0.041,,,DTB,TRUE
TCB-06298,QUBR_2022_0843,TRUE,Good,Green,0.038,,,DTB,TRUE
TCB-06299,QUBR_2022_0844,TRUE,Good,Green,0.053,,,DTB,TRUE
TCB-06300,QUBR_2022_0845,TRUE,Good?,Green,0.019,,,DTB,TRUE
TCB-06301,QUBR_2022_0846,TRUE,Good,Green,0.078,,,DTB,TRUE
TCB-06302,QUBR_2022_0847,TRUE,Good,Green,0.043,,,DTB,TRUE
TCB-06303,QUBR_2022_0848,TRUE,Good,Green,0.076,,,DTB,TRUE
TCB-06304,QUBR_2022_0849,TRUE,Good,Green,0.061,,,DTB,TRUE
TCB-06305,QUBR_2022_0850,TRUE,Good,Green,0.116,,,DTB,TRUE
TCB-06306,QUBR_2022_0851,TRUE,Good,Green,0.022,,,DTB,TRUE
TCB-06307,QUBR_2022_0852,TRUE,Good,Green,0.040,,,DTB,TRUE
TCB-06308,QUBR_2022_0854,TRUE,Good,Green,0.066,,,DTB,TRUE
TCB-06309,QUBR_2022_0855,TRUE,1 Good; 1 Necrotic,Green/Black,0.038,,,DTB,TRUE
TCB-06310,QUBR_2022_0856,TRUE,Good,Green,0.110,,,DTB,TRUE
TCB-06311,QUBR_2022_0857,TRUE,Good,Green,0.058,,,DTB,TRUE
TCB-06312,QUBR_2022_0858,TRUE,Good,Green,0.101,,,DTB,TRUE
TCB-06313,QUBR_2022_0859,TRUE,Good?,Green,0.064,large brown patch on the bigger leaf,,DTB,TRUE
TCB-06314,QUBR_2022_0860,TRUE,Good,Green,0.017,,,DTB,TRUE
TCB-06315,QUBR_2022_0861,TRUE,Good,Green,0.081,,,DTB,TRUE
TCB-06316,QUBR_2022_0862,TRUE,Good,Green,0.054,,,DTB,TRUE
TCB-06317,QUBR_2022_0863,TRUE,Good,Green,0.036,,,DTB,TRUE
TCB-06318,QUBR_2022_0864,TRUE,Good,Green,0.067,,,DTB,TRUE
TCB-06319,QUBR_2022_0865,TRUE,Good?,Green,0.134,,,DTB,TRUE
TCB-06320,QUBR_2022_0866,TRUE,Good?,Green/Black,0.061,,,DTB,TRUE
TCB-06321,QUBR_2022_0868,TRUE,Good,Green,0.063,large white spot on folded leaf,,DTB,TRUE
TCB-06322,QUBR_2022_1175,TRUE,Good,Green,0.027,,,DTB,TRUE
TCB-06323,QUBR_2022_1174,TRUE,1 Good; 1 Necrotic?,Green/Brown,0.068,large brown patches on the back of the leaf,,DTB,TRUE
TCB-06324,QUBR_2022_1173,TRUE,Good,Green,0.082,,,DTB,TRUE
TCB-06325,QUBR_2022_1171,TRUE,Good,Green,0.079,,,DTB,TRUE
TCB-06326,QUBR_2022_0897,TRUE,Good?,Green,0.104,both leaves have white spots and small brown dots,,DTB,TRUE
TCB-06327,QUBR_2022_0896,TRUE,1 Good; 1 Necrotic,Green/Brown,0.030,necrosis beginning on smaller leaf,,DTB,TRUE
TCB-06328,QUBR_2022_0878,TRUE,Good,Green,0.153,,,DTB,TRUE
TCB-06329,QUBR_2022_0881,TRUE,Good,Green,0.091,,,DTB,TRUE
TCB-06330,QUBR_2022_0879,TRUE,Good,Green,0.081,,,DTB,TRUE
TCB-06331,QUBR_2022_0883,TRUE,1 Good; 1 Necrotic,Green/Brown,0.066,one leaf with half brown tissue due to necrosis,,DTB,TRUE
TCB-06332,QUBR_2022_0898,TRUE,Good,Green,0.069,,,DTB,TRUE
TCB-06333,QUBR_2022_0880,TRUE,Good?,Green,0.112,white splotches,,DTB,TRUE
TCB-06334,QUBR_2022_0885,TRUE,Good,Green,0.044,,,DTB,TRUE
TCB-06335,QUBR_2022_0899,TRUE,Necrotic,Green/Black,0.017,both leaves have started necrosis,,DTB,TRUE
TCB-06336,QUBR_2022_0882,TRUE,Good,Green,0.025,,,DTB,TRUE
TCB-06337,QUBR_2022_0871,TRUE,Good?,Green,0.056,two large raised white bumps on back of leaf,,DTB,TRUE
TCB-06338,QUBR_2022_0873,TRUE,Good,Green,0.039,,,DTB,TRUE
TCB-06339,QUBR_2022_0874,TRUE,Good,Green,0.046,,,DTB,TRUE
TCB-06340,QUBR_2022_0875,TRUE,Good?,Green,0.080,white spots and white film on smaller leaf,,DTB,TRUE
TCB-06341,QUBR_2022_0876,TRUE,Good?,Green,0.085,,,DTB,TRUE
TCB-06342,QUBR_2022_0877,TRUE,Good,Green,0.075,,,DTB,TRUE
TCB-06343,QUBR_2022_1153,TRUE,Good,Green,0.039,,,DTB,TRUE
TCB-06344,QUBR_2022_0884,TRUE,Good,Green,0.072,,,DTB,TRUE
TCB-06345,QUBR_2022_0886,TRUE,Good?,Green,0.096,,,DTB,TRUE
TCB-06346,QUBR_2022_0887,TRUE,Good,Green/Brown,0.041,,,DTB,TRUE
TCB-06347,QUBR_2022_0869,TRUE,Good,Green,0.019,,,DTB,TRUE
TCB-06348,QUBR_2022_0872,TRUE,Good,Green,0.053,,,DTB,TRUE
TCB-06349,QUBR_2022_0870,TRUE,1 Good; 1 Necrotic,Green/Black,0.030,,,DTB,TRUE
TCB-06350,QUBR_2022_1150,TRUE,Good,Green,0.027,,,DTB,TRUE
TCB-06351,QUBR_2022_1155,TRUE,Good,Green,0.042,,,DTB,TRUE
TCB-06352,QUBR_2022_1151,TRUE,Good,Green,0.048,,,DTB,TRUE
TCB-06353,QUBR_2022_0888,TRUE,Good,Green,0.051,,,DTB,TRUE
TCB-06354,QUBR_2022_0889,TRUE,Good?,Green,0.058,,,DTB,TRUE
TCB-06355,QUBR_2022_0890,TRUE,Good,Green,0.205,,,DTB,TRUE
TCB-06356,QUBR_2022_0853,TRUE,Moldy,Green/Brown,0.026,,,DTB,TRUE
TCB-06357,QUBR_2022_0894,TRUE,Necrotic,Green/Brown,0.028,,,DTB,TRUE
TCB-06358,QUBR_2022_0891,TRUE,Good,Green,0.160,,,DTB,TRUE
TCB-06359,QUBR_2022_0892,TRUE,2 Good; 1 Necrotic?,Green/Brown,0.028,,,DTB,TRUE
TCB-06360,QUBR_2022_1156,TRUE,Good,Green,0.095,,,DTB,TRUE
TCB-06361,QUBR_2022_0893,TRUE,Good,Green,0.093,,,DTB,TRUE
TCB-06362,QUBR_2022_1152,TRUE,1 Good?; 1 Necrotic,Green/Brown/Black,0.032,"smaller leaf completely black, large brown spots and holes",,DTB,TRUE
TCB-06363,QUBR_2022_0895,TRUE,Good?,Green,0.079,white spots,,DTB,TRUE
TCB-06364,QUBR_2022_1154,TRUE,Good,Green,0.016,,,DTB,TRUE
TCB-06365,QUBR_2022_1157,TRUE,Good,Green,0.058,,,DTB,TRUE
TCB-06366,QUBR_2022_1159,TRUE,Good,Green,0.024,,,DTB,TRUE
TCB-06367,QUBR_2022_1158,TRUE,Good,Green,0.069,,,DTB,TRUE
TCB-06368,QUBR_2022_1160,TRUE,Good,Green,0.028,,,DTB,TRUE
TCB-06369,QUBR_2022_1161,TRUE,Good,Green,0.078,,,DTB,TRUE
TCB-06370,QUBR_2022_1163,TRUE,Good?,Green/Brown,0.076,dark brown spots scattered on leaves,,DTB,TRUE
TCB-06371,QUBR_2022_1164,TRUE,Good,Green,0.069,,,DTB,TRUE
TCB-06372,QUBR_2022_1166,TRUE,Good,Green,0.055,,,DTB,TRUE
TCB-06373,QUBR_2022_1165,TRUE,Good?,Green,0.064,scattered small brown dots,,DTB,TRUE
TCB-06374,QUBR_2022_1167,TRUE,Good,Green,0.061,,,DTB,TRUE
TCB-06375,QUBR_2022_1168,TRUE,Good?,Green,0.074,some brown edges,,DTB,TRUE
TCB-06376,QUBR_2022_1169,TRUE,Good?,Green,0.087,brown patches,,DTB,TRUE
TCB-06377,QUBR_2022_1170,TRUE,Good,Green,0.024,,,DTB,TRUE
TCB-06378,QUBR_2022_1172,TRUE,Good,Green,0.033,,,DTB,TRUE
TCB-06379,QUBR_2022_1176,TRUE,Good,Green,0.120,,,DTB,TRUE
TCB-06380,QUBR_2022_1177,TRUE,Good,Green,0.053,,,DTB,TRUE
TCB-06381,QUBR_2022_1178,TRUE,Good,Green,0.021,,,DTB,TRUE
TCB-06382,QUBR_2022_1179,TRUE,Good,Green,0.133,,,DTB,TRUE
TCB-06383,QUBR_2022_1180,TRUE,Good,Green,0.054,,,DTB,TRUE
TCB-06384,QUBR_2022_1181,TRUE,Good,Green,0.080,,,DTB,TRUE
TCB-06385,QUBR_2022_1183,TRUE,Good?,Green,0.035,,,DTB,TRUE
TCB-06386,QUBR_2022_1184,TRUE,Good,Green,0.132,,,DTB,TRUE
TCB-06387,QUBR_2022_1185,TRUE,Good,Green,0.050,,,DTB,TRUE
TCB-06388,QUBR_2022_1186,TRUE,1 Good; 1 Necrotic,Green/Black,0.091,,,DTB,TRUE
TCB-06389,QUBR_2022_1187,TRUE,1 Good; 1 Good?,Green,0.034,,,DTB,TRUE
TCB-06390,QUBR_2022_1188,TRUE,1 Good; 1 Necrotic,Green/Black,0.031,,,DTB,TRUE
TCB-06391,QUBR_2022_1189,TRUE,Good,Green,0.095,,,DTB,TRUE
TCB-06392,QUBR_2022_1190,TRUE,1 Good; 1 Necrotic?,Green,0.040,,,DTB,TRUE
TCB-06393,QUBR_2022_1191,TRUE,Good,Green,0.151,,,DTB,TRUE
TCB-06394,QUBR_2022_1193,TRUE,Good,Green,0.037,,,DTB,TRUE
TCB-06395,QUBR_2022_1194,TRUE,Good,Green,0.060,,,DTB,TRUE
TCB-06396,QUBR_2022_1195,TRUE,Good,Green,0.066,,,DTB,TRUE
TCB-06397,QUBR_2022_1196,TRUE,Good,Green,0.055,,,DTB,TRUE
TCB-06398,QUBR_2022_1197,TRUE,Good,Green,0.049,,,DTB,TRUE
TCB-06399,QUBR_2022_1198,TRUE,Good,Green,0.039,,,DTB,TRUE
TCB-06400,QUBR_2022_1199,TRUE,Good,Green,0.046,,,DTB,TRUE
TCB-06401,QUBR_2022_1200,TRUE,Good,Green,0.037,,,DTB,TRUE
TCB-06402,QUBR_2022_1201,TRUE,Good,Green,0.048,,,DTB,TRUE
TCB-06403,QUBR_2022_1203,TRUE,Good,Green/Brown,0.087,,,DTB,TRUE
TCB-06404,QUBR_2022_1204,TRUE,Good,Green,0.045,,,DTB,TRUE
TCB-06405,QUBR_2022_1205,TRUE,Good,Green,0.022,,,DTB,TRUE
TCB-06406,QUBR_2022_1207,TRUE,Good,Green,0.047,,,DTB,TRUE
TCB-06407,QUBR_2022_1208,TRUE,1 Good; 1 Necrotic,Green/Black,0.042,,,DTB,TRUE
TCB-06408,QUBR_2022_1209,TRUE,1 Good; 1 Necrotic,Green/Black,0.066,,,DTB,TRUE
TCB-06409,QUBR_2022_1210,TRUE,Good,Green,0.032,,,DTB,TRUE
TCB-06410,QUBR_2022_1211,TRUE,Good,Green,0.128,,,DTB,TRUE
TCB-06411,QUBR_2022_1212,TRUE,Good,Green,0.039,,,DTB,TRUE
TCB-06412,QUBR_2022_1213,TRUE,Good,Green,0.060,,,DTB,TRUE
TCB-06413,QUBR_2022_1214,TRUE,Good,Green,0.099,,,DTB,TRUE
TCB-06414,QUBR_2022_1215,TRUE,1 Good; 1 Necrotic?,Green,0.060,,,DTB,TRUE
TCB-06415,QUBR_2022_1216,TRUE,Good,Green,0.053,,,DTB,TRUE
TCB-06416,QUBR_2022_1217,TRUE,Good,Green,0.056,,,DTB,TRUE
TCB-06417,QUBR_2022_1218,TRUE,1 Good; 1 Necrotic,Green/Black,0.030,,,DTB,TRUE
TCB-06418,QUBR_2022_1219,TRUE,Good,Green,0.041,,,DTB,TRUE
TCB-06419,QUBR_2022_1220,TRUE,1 Good; 1 Necrotic,Green/Black,0.057,,,DTB,TRUE
TCB-06420,QUBR_2022_1221,TRUE,Good,Green,0.031,,,DTB,TRUE
TCB-06421,QUBR_2022_1222,TRUE,Good,Green,0.080,,,DTB,TRUE
TCB-06422,QUBR_2022_1223,TRUE,Good,Green,0.045,,,DTB,TRUE
TCB-06423,QUBR_2022_1225,TRUE,Good,Green,0.040,,,DTB,TRUE
TCB-06424,QUBR_2022_1226,TRUE,Good,Green,0.082,,,DTB,TRUE
TCB-06425,QUBR_2022_1227,TRUE,Good,Green,0.098,,,DTB,TRUE
TCB-06426,QUBR_2022_1228,TRUE,Good,Green,0.097,,,DTB,TRUE
TCB-06427,QUBR_2022_1229,TRUE,Good,Green,0.100,,,DTB,TRUE
TCB-06428,QUBR_2022_1231,TRUE,Good,Green,0.079,,,DTB,TRUE
TCB-06429,QUBR_2022_1224,TRUE,Good,Green,0.093,,,DTB,TRUE
TCB-06430,QUBR_2022_1230,TRUE,Necrotic?,Green/Black,0.045,,,DTB,TRUE
TCB-06431,QUBR_2022_1232,TRUE,Good,Green,0.136,,,DTB,TRUE
TCB-06432,QUBR_2022_1233,TRUE,Good,Green,0.068,,,DTB,TRUE
TCB-06433,QUBR_2022_1234,TRUE,Good,Green,0.138,,,DTB,TRUE
TCB-06434,QUBR_2022_1235,TRUE,Good,Green,0.055,,,DTB,TRUE
TCB-06435,QUBR_2022_1236,TRUE,Good,Green,0.024,,,DTB,TRUE
TCB-06436,QUBR_2022_1237,TRUE,1 Good; 1 Good?,Green,0.107,,,DTB,TRUE
TCB-06437,QUBR_2022_1238,TRUE,Good,Green,0.068,,,DTB,TRUE
TCB-06438,QUBR_2022_1239,TRUE,Good,Green,0.059,,,DTB,TRUE
TCB-06439,QUBR_2022_1240,TRUE,Good,Green,0.079,,,DTB,TRUE
TCB-06440,QUBR_2022_1241,TRUE,Good,Green,0.077,,,DTB,TRUE
TCB-06441,QUBR_2022_1242,TRUE,Good,Green,0.060,,,DTB,TRUE
TCB-06442,QUBR_2022_12433,TRUE,Good,Green,0.068,,,DTB,TRUE
TCB-06443,QUBR_2022_1244,TRUE,Good,Green,0.064,,,DTB,TRUE
TCB-06444,QUBR_2022_1245,TRUE,Good,Green,0.052,,,DTB,TRUE
TCB-06445,QUBR_2022_1246,TRUE,Good,Green,0.108,,,DTB,TRUE
TCB-06446,QUBR_2022_1248,TRUE,Good,Green,0.062,,,DTB,TRUE
TCB-06447,QUBR_2022_1249,TRUE,Good,Green,0.017,,,DTB,TRUE
TCB-06448,QUBR_2022_1250,TRUE,Good,Green,0.088,,,DTB,TRUE
TCB-06449,QUBR_2022_1251,TRUE,Good,Green,0.142,,,DTB,TRUE
TCB-06450,QUBR_2022_1252,TRUE,Good,Green,0.102,,,DTB,TRUE
TCB-06451,QUBR_2022_1253A,TRUE,Good,Green,0.085,,This accession ID is the same as TCB-06453. Both slips of paper in samples TCB-06451 and TCB-06453 read QUBR_2022_1253. I think that the one for TCB-06453 is incorrect and the accession ID should be QUBR_2022_1255,DTB,TRUE
TCB-06452,QUBR_2022_1254,TRUE,Good,Green,0.035,,,DTB,TRUE
TCB-06453,QUBR_2022_1253B,TRUE,Good,Green,0.086,,,DTB,TRUE
TCB-06454,QUBR_2022_1256,TRUE,Good,Green,0.076,,,DTB,TRUE
TCB-06455,QUBR_2022_1257,TRUE,Good,Green,0.082,,,DTB,TRUE
TCB-06456,QUBR_2022_1258,TRUE,Good?,Green,0.097,,,DTB,TRUE
TCB-06457,QUBR_2022_1259,TRUE,Good,Green,0.058,,,DTB,TRUE
TCB-06458,QUBR_2022_1260,TRUE,Good,Green,0.058,,,DTB,TRUE
TCB-06459,QUBR_2022_1261,TRUE,Good,Green,0.207,,,DTB,TRUE
TCB-06460,QUBR_2022_1262,TRUE,Good,Green,0.027,,,DTB,TRUE
TCB-06461,QUBR_2022_1263,TRUE,Good?,Green,0.103,,,DTB,TRUE
TCB-06462,QUBR_2022_1264,TRUE,Good?,Green/Brown,0.069,brown splotches on 1/2,,DTB,TRUE
TCB-06463,QUBR_2022_1266,TRUE,Good,Green,0.051,,,DTB,TRUE
TCB-06464,QUBR_2022_1267,TRUE,Good,Green,0.095,,,DTB,TRUE
TCB-06465,QUBR_2022_1268,TRUE,Good,Green,0.056,,,DTB,TRUE
TCB-06466,QUBR_2022_1202A,TRUE,Good,Green,0.070,2 leaves,,DTB,TRUE
TCB-06467,QUBR_2022_1202B,TRUE,Good,Green,0.064,2 leaves,,DTB,TRUE
TCB-06468,QUBR_2022_,,,,,,,,
TCB-06469,QUBR_2022_,,,,,,,,
TCB-06470,QUBR_2022_,,,,,,,,
TCB-06471,QUBR_2022_,,,,,,,,
TCB-06472,QUBR_2022_,,,,,,,,
TCB-06473,QUBR_2022_,,,,,,,,
TCB-06474,QUBR_2022_,,,,,,,,
TCB-06475,QUBR_2022_,,,,,,,,
TCB-06476,QUBR_2022_,,,,,,,,
TCB-06477,QUBR_2022_,,,,,,,,
TCB-06478,QUBR_2022_,,,,,,,,
TCB-06479,QUBR_2022_,,,,,,,,
TCB-06480,QUBR_2022_,,,,,,,,
,,,,,,,,,
,,,,,,,,,
,,,,,,,,,
,,,,,,,,,
,,,,,,,,,
,,,,,,,,,
,,,,,,,,,
,,,,,,,,,
,,,,,,,,,
,,,,,,,,,
,,,,,,,,,
,,,,,,,,,
,,,,,,,,,
,,,,,,,,,
,,,,,,,,,
,,,,,,,,,
,,,,,,,,,
,,,,,,,,,
,,,,,,,,,
,,,,,,,,,
,,,,,,,,,
,,,,,,,,,
,,,,,,,,,
,,,,,,,,,
,,,,,,,,,
,,,,,,,,,
,,,,,,,,,
,,,,,,,,,
,,,,,,,,,
,,,,,,,,,
,,,,,,,,,
,,,,,,,,,
,,,,,,,,,
,,,,,,,,,
,,,,,,,,,
,,,,,,,,,
,,,,,,,,,
,,,,,,,,,
,,,,,,,,,
,,,,,,,,,
,,,,,,,,,
,,,,,,,,,
,,,,,,,,,
,,,,,,,,,
,,,,,,,,,
,,,,,,,,,
,,,,,,,,,
,,,,,,,,,
,,,,,,,,,
,,,,,,,,,
,,,,,,,,,
,,,,,,,,,
,,,,,,,,,
,,,,,,,,,
,,,,,,,,,
,,,,,,,,,
,,,,,,,,,
,,,,,,,,,
,,,,,,,,,
,,,,,,,,,
,,,,,,,,,
,,,,,,,,,
,,,,,,,,,
,,,,,,,,,
,,,,,,,,,
,,,,,,,,,
,,,,,,,,,
,,,,,,,,,
,,,,,,,,,
,,,,,,,,,
,,,,,,,,,
,,,,,,,,,
,,,,,,,,,
,,,,,,,,,
,,,,,,,,,
,,,,,,,,,
,,,,,,,,,
,,,,,,,,,
,,,,,,,,,
,,,,,,,,,
,,,,,,,,,
,,,,,,,,,
,,,,,,,,,
,,,,,,,,,
,,,,,,,,,
,,,,,,,,,
,,,,,,,,,
,,,,,,,,,
,,,,,,,,,
,,,,,,,,,
,,,,,,,,,
,,,,,,,,,
,,,,,,,,,
,,,,,,,,,
,,,,,,,,,
,,,,,,,,,
,,,,,,,,,
,,,,,,,,,
,,,,,,,,,
,,,,,,,,,
,,,,,,,,,
,,,,,,,,,
,,,,,,,,,
,,,,,,,,,
,,,,,,,,,
,,,,,,,,,
,,,,,,,,,
,,,,,,,,,
,,,,,,,,,
,,,,,,,,,
,,,,,,,,,
,,,,,,,,,
,,,,,,,,,
,,,,,,,,,
,,,,,,,,,
,,,,,,,,,
,,,,,,,,,
,,,,,,,,,
,,,,,,,,,
,,,,,,,,,
,,,,,,,,,
,,,,,,,,,
,,,,,,,,,
,,,,,,,,,
,,,,,,,,,
,,,,,,,,,
,,,,,,,,,
,,,,,,,,,
,,,,,,,,,
,,,,,,,,,
,,,,,,,,,
,,,,,,,,,
,,,,,,,,,
,,,,,,,,,
,,,,,,,,,
,,,,,,,,,
,,,,,,,,,
,,,,,,,,,
,,,,,,,,,
,,,,,,,,,
,,,,,,,,,